Survived,Pclass,Age,SibSp,Parch,Fare,Age_Missing,Cabin_Deck,Cabin_Missing,Embarked_Q,Embarked_S,Sex_male,Family_Size,Is_Alone,Fare_Per_Person
0,2,-0.5657364610748746,1,0,-0.5024451714361923,0,-1,1,0,1,1,2,0,-0.25122258571809614
1,0,0.6638610320657843,1,0,0.7868452935884461,0,2,0,0,0,0,2,0,0.39342264679422306
1,2,-0.2583370877897099,0,0,-0.4888542575852486,0,-1,1,0,1,0,1,1,-0.4888542575852486
1,0,0.4333115021019107,1,0,0.4207302360686478,0,2,0,0,1,0,2,0,0.2103651180343239
0,2,0.4333115021019107,0,0,-0.4863374216869257,0,-1,1,0,1,1,1,1,-0.4863374216869257
0,2,-0.10463740114712752,0,0,-0.47811642890864375,0,-1,1,1,0,1,1,1,-0.47811642890864375
0,0,1.893458525206443,0,0,0.395813560675251,0,4,0,0,1,1,1,1,0.395813560675251
0,2,-2.1027333275006983,3,1,-0.22408312108167944,0,-1,1,0,1,1,5,0,-0.044816624216335886
1,2,-0.1814872444684187,0,2,-0.4242561406845337,0,-1,1,0,1,0,3,0,-0.14141871356151123
1,1,-1.180535207645204,1,0,-0.04295550208861426,0,-1,1,0,0,0,2,0,-0.02147775104430713
1,2,-1.949033640858116,1,1,-0.312172377522981,0,6,0,0,1,0,3,0,-0.104057459174327
1,0,2.200857898491608,0,0,-0.11384570873513637,0,2,0,0,1,0,1,1,-0.11384570873513637
0,2,-0.719436147717457,0,0,-0.4863374216869257,0,-1,1,0,1,1,1,1,-0.4863374216869257
0,2,0.7407108753870755,1,5,-0.01870931177853076,0,-1,1,0,1,1,7,0,-0.0026727588255043943
0,2,-1.180535207645204,0,0,-0.4902797934380587,0,-1,1,0,1,0,1,1,-0.4902797934380587
1,1,1.9703083685277343,0,0,-0.3262666585535892,0,-1,1,0,1,0,1,1,-0.3262666585535892
0,2,-2.1027333275006983,4,1,-0.06199888922968463,0,-1,1,1,0,1,6,0,-0.010333148204947438
1,1,-0.10463740114712752,0,0,-0.3866707201133388,0,-1,1,0,1,1,1,1,-0.3866707201133388
0,2,0.12591212881674602,1,0,-0.2859972841804228,0,-1,1,0,1,0,2,0,-0.1429986420902114
1,2,-0.10463740114712752,0,0,-0.5029485386158568,0,-1,1,0,0,0,1,1,-0.5029485386158568
0,1,0.4333115021019107,0,0,-0.12491978668775715,0,-1,1,0,1,1,1,1,-0.12491978668775715
1,1,0.35646165878061953,0,0,-0.3866707201133388,0,3,0,0,1,1,1,1,-0.3866707201133388
1,2,-1.1036853643239128,0,0,-0.4867562231804066,0,-1,1,1,0,0,1,1,-0.4867562231804066
1,0,-0.10463740114712752,0,0,0.06635974158478332,0,0,0,0,1,1,1,1,0.06635974158478332
0,2,-1.6416342675729512,3,1,-0.22408312108167944,0,-1,1,0,1,0,5,0,-0.044816624216335886
1,2,0.6638610320657843,1,5,-0.016444159470040135,0,-1,1,0,1,0,7,0,-0.0023491656385771623
0,2,-0.10463740114712752,0,0,-0.5029485386158568,0,-1,1,0,0,1,1,1,-0.5029485386158568
0,0,-0.7962859910387481,3,2,4.647001076532463,0,2,0,0,1,1,6,0,0.7745001794220773
1,2,-0.10463740114712752,0,0,-0.48977642625839407,0,-1,1,1,0,0,1,1,-0.48977642625839407
0,2,-0.10463740114712752,0,0,-0.4894421904510968,0,-1,1,0,1,1,1,1,-0.4894421904510968
0,0,0.8175607187083667,0,0,-0.09027201697708476,0,-1,1,0,0,1,1,1,-0.09027201697708476
1,0,-0.10463740114712752,1,0,2.301728820789,0,1,0,0,0,0,2,0,1.1508644103945
1,2,-0.10463740114712752,0,0,-0.49237782784290063,0,-1,1,1,0,0,1,1,-0.49237782784290063
0,1,2.8156566450619374,0,0,-0.43700743807979686,0,-1,1,0,1,1,1,1,-0.43700743807979686
0,0,-0.10463740114712752,1,0,1.0060617003323709,0,-1,1,0,0,1,2,0,0.5030308501661854
0,0,0.9712604053509489,1,0,0.39858208016340624,0,-1,1,0,1,1,2,0,0.19929104008170312
1,2,-0.10463740114712752,0,0,-0.5028639729296732,0,-1,1,0,0,1,1,1,-0.5028639729296732
0,2,-0.6425863043961658,0,0,-0.4863374216869257,0,-1,1,0,1,1,1,1,-0.4863374216869257
0,2,-0.8731358343600393,2,0,-0.2859972841804228,0,-1,1,0,1,0,3,0,-0.09533242806014093
1,2,-1.180535207645204,1,0,-0.42207354059350805,0,-1,1,0,0,0,2,0,-0.21103677029675402
0,2,0.8175607187083667,1,0,-0.4576454924460446,0,-1,1,0,1,0,2,0,-0.2288227462230223
0,1,-0.1814872444684187,1,0,-0.22559322262067316,0,-1,1,0,1,0,2,0,-0.11279661131033658
0,2,-0.10463740114712752,0,0,-0.4894421904510968,0,-1,1,0,0,1,1,1,-0.4894421904510968
1,1,-2.025883484179407,1,2,0.18876253192945994,0,-1,1,0,0,0,4,0,0.047190632982364984
1,2,-0.7962859910387481,0,0,-0.48977642625839407,0,-1,1,1,0,0,1,1,-0.48977642625839407
0,2,-0.10463740114712752,0,0,-0.4863374216869257,0,-1,1,0,1,1,1,1,-0.4863374216869257
0,2,-0.10463740114712752,1,0,-0.3363340021468808,0,-1,1,1,0,1,2,0,-0.1681670010734404
1,2,-0.10463740114712752,0,0,-0.49237782784290063,0,-1,1,1,0,0,1,1,-0.49237782784290063
0,2,-0.10463740114712752,2,0,-0.21191774308354583,0,-1,1,0,0,1,3,0,-0.07063924769451528
0,2,-0.8731358343600393,1,0,-0.29002422161773944,0,-1,1,0,1,0,2,0,-0.14501211080886972
0,2,-1.7184841108942424,4,1,0.1506737441786005,0,-1,1,0,1,1,6,0,0.025112290696433417
0,2,-0.6425863043961658,0,0,-0.4913710934835715,0,-1,1,0,1,1,1,1,-0.4913710934835715
1,0,1.5092093085999871,1,0,0.8964967865378598,0,3,0,0,0,0,2,0,0.4482483932689299
1,1,-0.027787557825836348,1,0,-0.12491978668775715,0,-1,1,0,1,0,2,0,-0.062459893343878574
0,0,2.738806801740646,0,1,0.5995101505357573,0,1,0,0,0,1,2,0,0.29975507526787865
1,0,-0.10463740114712752,0,0,0.06635974158478332,0,2,0,0,1,1,1,1,0.06635974158478332
1,1,-0.6425863043961658,0,0,-0.43700743807979686,0,-1,1,0,1,0,1,1,-0.43700743807979686
0,2,-0.06621247948648194,0,0,-0.5028639729296732,0,-1,1,0,0,1,1,1,-0.5028639729296732
1,1,-1.8721837975368247,1,2,-0.08968408411123653,0,-1,1,0,1,0,4,0,-0.022421021027809133
0,2,-1.4110847376090776,5,2,0.2958951755118318,0,-1,1,0,1,1,8,0,0.036986896938978976
0,2,-0.5657364610748746,0,0,-0.5028639729296732,0,-1,1,0,0,1,1,1,-0.5028639729296732
1,0,0.6638610320657843,0,0,0.962353321387736,0,1,0,0,1,0,1,1,0.962353321387736
0,0,1.2018099353148226,1,0,1.0323213593611125,0,2,0,0,1,1,2,0,0.5161606796805562
0,2,-1.949033640858116,3,2,-0.08666388103324908,0,-1,1,0,1,1,6,0,-0.01444398017220818
0,0,-0.10463740114712752,0,0,-0.09027201697708476,0,-1,1,0,0,1,1,1,-0.09027201697708476
1,2,-0.10463740114712752,1,1,-0.3414522396297103,0,-1,1,0,0,1,3,0,-0.11381741320990342
1,1,-0.027787557825836348,0,0,-0.43700743807979686,0,5,0,0,1,0,1,1,-0.43700743807979686
0,2,-0.7962859910387481,0,0,-0.4841568350646187,0,-1,1,0,1,1,1,1,-0.4841568350646187
1,2,-0.9499856776813305,4,2,-0.4888542575852486,0,-1,1,0,1,0,7,0,-0.06983632251217838
0,2,-0.2583370877897099,2,0,-0.47400492578514347,0,-1,1,0,1,1,3,0,-0.15800164192838115
0,1,0.20276197213803718,0,0,-0.43700743807979686,0,-1,1,0,1,1,1,1,-0.43700743807979686
0,2,-1.0268355210026217,5,2,0.2958951755118318,0,-1,1,0,1,0,8,0,0.036986896938978976
0,1,-0.6425863043961658,0,0,0.8314778546749452,0,-1,1,0,1,1,1,1,0.8314778546749452
0,2,-0.2583370877897099,1,0,-0.3573908580066095,0,-1,1,0,0,1,2,0,-0.17869542900330476
1,2,0.20276197213803718,0,0,0.48910360681684706,0,-1,1,0,1,1,1,1,0.48910360681684706
0,2,-0.33518693111100106,0,0,-0.494391296561559,0,5,0,0,1,1,1,1,-0.494391296561559
0,2,-0.10463740114712752,0,0,-0.4894421904510968,0,-1,1,0,1,1,1,1,-0.4894421904510968
0,2,-0.10463740114712752,0,0,-0.4863374216869257,0,-1,1,0,1,1,1,1,-0.4863374216869257
1,1,-2.192647644186609,0,2,-0.06451572512800753,0,-1,1,0,1,1,3,0,-0.021505241709335845
1,2,0.04906228549545483,0,0,-0.397241430886295,0,-1,1,0,1,0,1,1,-0.397241430886295
0,2,-0.5657364610748746,0,0,-0.46720946885967163,0,-1,1,0,1,1,1,1,-0.46720946885967163
1,2,-0.027787557825836348,0,0,-0.45714212526638004,0,-1,1,0,1,1,1,1,-0.45714212526638004
1,2,-0.10463740114712752,0,0,-0.49162277707340374,0,-1,1,1,0,0,1,1,-0.49162277707340374
0,0,-0.10463740114712752,0,0,0.29992211294914856,0,-1,1,0,1,1,1,1,0.29992211294914856
1,1,-0.9499856776813305,0,0,-0.43700743807979686,0,-1,1,0,1,0,1,1,-0.43700743807979686
1,2,0.27961181545932834,3,0,-0.32928686163157667,0,-1,1,0,1,0,4,0,-0.08232171540789417
0,2,-1.0268355210026217,1,3,0.04370821849987721,0,-1,1,0,1,1,5,0,0.008741643699975443
0,2,-0.10463740114712752,0,0,-0.4863374216869257,0,-1,1,0,1,1,1,1,-0.4863374216869257
1,0,-0.48888661775358344,3,2,4.647001076532463,0,2,0,0,1,0,6,0,0.7745001794220773
0,2,-0.41203677443229225,0,0,-0.4863374216869257,0,-1,1,0,1,1,1,1,-0.4863374216869257
0,2,-0.027787557825836348,0,0,-0.4863374216869257,0,-1,1,0,1,1,1,1,-0.4863374216869257
0,2,-0.719436147717457,0,0,-0.4902797934380587,0,-1,1,0,1,1,1,1,-0.4902797934380587
0,0,1.2786597786361138,1,0,0.5833178351003071,0,4,0,0,1,1,2,0,0.29165891755015355
0,2,-0.2583370877897099,1,2,-0.23415046467497105,0,-1,1,0,1,1,4,0,-0.05853761616874276
0,2,2.277707741812899,0,0,-0.5024451714361923,0,-1,1,0,1,1,1,1,-0.5024451714361923
0,2,-0.10463740114712752,0,0,-0.4863374216869257,0,-1,1,0,1,1,1,1,-0.4863374216869257
0,0,3.1999058616683933,0,0,0.0493298231623713,0,0,0,0,0,1,1,1,0.0493298231623713
1,0,-0.48888661775358344,0,1,0.6272778976347743,0,3,0,0,0,1,2,0,0.31363894881738713
1,1,0.35646165878061953,0,1,-0.18532384824750675,0,-1,1,0,1,0,2,0,-0.09266192412375338
0,1,0.35646165878061953,1,0,-0.12491978668775715,0,-1,1,0,1,1,2,0,-0.062459893343878574
0,2,-0.10463740114712752,0,0,-0.4894421904510968,0,-1,1,0,1,0,1,1,-0.4894421904510968
0,2,-0.10463740114712752,0,0,-0.4894421904510968,0,-1,1,0,1,1,1,1,-0.4894421904510968
0,0,-0.6425863043961658,0,1,0.907737982394129,0,3,0,0,1,1,2,0,0.4538689911970645
0,2,0.27961181545932834,0,0,-0.4741720436887921,0,-1,1,0,1,1,1,1,-0.4741720436887921
0,2,0.5870111887444931,2,0,-0.4888542575852486,0,-1,1,0,1,1,3,0,-0.16295141919508285
0,2,-0.10463740114712752,0,0,-0.4894421904510968,0,-1,1,0,1,1,1,1,-0.4894421904510968
1,2,-0.6425863043961658,0,0,-0.494391296561559,0,-1,1,0,1,0,1,1,-0.494391296561559
1,2,-0.10463740114712752,0,0,-0.4918744606632361,0,-1,1,0,1,1,1,1,-0.4918744606632361
0,2,0.6638610320657843,0,0,-0.4894421904510968,0,-1,1,0,1,1,1,1,-0.4894421904510968
1,2,-0.10463740114712752,1,0,-0.1621689579829361,0,-1,1,1,0,0,2,0,-0.08108447899146805
0,0,1.3555096219574048,0,0,0.39858208016340624,0,2,0,0,1,1,1,1,0.39858208016340624
0,2,-1.1421102859845584,1,0,-0.3573908580066095,0,-1,1,0,0,0,2,0,-0.17869542900330476
0,2,-0.5657364610748746,0,0,-0.4863374216869257,0,-1,1,0,1,1,1,1,-0.4863374216869257
0,2,-0.719436147717457,1,0,-0.4505983519307405,0,-1,1,0,1,0,2,0,-0.22529917596537025
0,2,-0.9499856776813305,0,0,-0.3573083057891445,0,-1,1,0,0,0,1,1,-0.3573083057891445
0,2,-0.6425863043961658,0,0,-0.4888542575852486,0,-1,1,0,1,1,1,1,-0.4888542575852486
0,2,3.1614809400077477,0,0,-0.49237782784290063,0,-1,1,1,0,1,1,1,-0.49237782784290063
0,1,-0.027787557825836348,1,0,-0.22559322262067316,0,-1,1,0,1,1,2,0,-0.11279661131033658
0,0,-0.41203677443229225,0,1,4.335332226633905,0,1,0,0,0,1,2,0,2.1676661133169524
0,2,-2.1027333275006983,4,2,-0.01870931177853076,0,-1,1,0,1,0,7,0,-0.0026727588255043943
0,1,-0.6425863043961658,2,0,0.8314778546749452,0,-1,1,0,1,1,3,0,0.27715928489164837
0,2,-0.10463740114712752,0,0,-0.4863374216869257,0,-1,1,0,1,1,1,1,-0.4863374216869257
0,1,0.24118689379868277,1,0,-0.04295550208861426,0,-1,1,0,0,1,2,0,-0.02147775104430713
1,1,0.24118689379868277,0,0,-0.3866707201133388,0,4,0,0,1,0,1,1,-0.3866707201133388
0,0,1.893458525206443,0,1,0.907737982394129,0,3,0,0,1,1,2,0,0.4538689911970645
1,2,-1.3342348942877864,1,0,-0.42207354059350805,0,-1,1,0,0,1,2,0,-0.21103677029675402
0,2,-0.10463740114712752,0,0,-0.49237782784290063,0,-1,1,1,0,1,1,1,-0.49237782784290063
1,2,-0.41203677443229225,0,0,-0.5046257580584992,0,-1,1,0,1,1,1,1,-0.5046257580584992
1,2,-0.10463740114712752,1,1,-0.19824427701513722,0,5,0,0,0,0,3,0,-0.06608142567171241
0,2,1.2018099353148226,0,0,-0.5079822104125026,0,-1,1,0,1,1,1,1,-0.5079822104125026
0,2,0.27961181545932834,0,0,-0.4894421904510968,0,-1,1,0,0,1,1,1,-0.4894421904510968
0,2,-0.719436147717457,0,0,-0.5064721088735089,0,-1,1,0,1,1,1,1,-0.5064721088735089
0,2,1.3555096219574048,1,0,-0.35646868933346404,0,-1,1,0,1,0,2,0,-0.17823434466673202
1,1,-0.027787557825836348,1,0,-0.12491978668775715,0,-1,1,0,1,0,2,0,-0.062459893343878574
0,1,-0.33518693111100106,0,0,-0.3866707201133388,0,-1,1,0,1,1,1,1,-0.3866707201133388
0,1,-0.48888661775358344,0,0,-0.3454791770670269,0,-1,1,0,0,1,1,1,-0.3454791770670269
1,0,-0.7962859910387481,0,2,-0.11921562980779811,0,3,0,0,1,0,3,0,-0.039738543269266034
0,0,0.5870111887444931,1,0,0.4207302360686478,0,2,0,0,1,1,2,0,0.2103651180343239
0,2,-1.0268355210026217,0,0,-0.4628462821463391,0,-1,1,0,1,1,1,1,-0.4628462821463391
0,0,-0.41203677443229225,0,0,0.9462455716384695,0,1,0,0,0,1,1,1,0.9462455716384695
0,2,-0.10463740114712752,0,2,-0.3414522396297103,0,-1,1,0,0,0,3,0,-0.11381741320990342
1,2,-0.5657364610748746,0,0,-0.49237782784290063,0,-1,1,0,1,0,1,1,-0.49237782784290063
1,2,-0.41203677443229225,1,0,-0.32928686163157667,0,-1,1,0,1,0,2,0,-0.16464343081578833
0,2,-0.7962859910387481,0,0,-0.5125125150294839,0,-1,1,1,0,1,1,1,-0.5125125150294839
0,1,-0.8731358343600393,0,0,-0.41687275089321363,0,-1,1,0,1,1,1,1,-0.41687275089321363
0,1,-0.7962859910387481,1,1,0.09152810056801232,0,-1,1,0,1,1,3,0,0.030509366856004107
1,2,-0.1814872444684187,0,0,-0.49145565916975514,0,-1,1,0,1,1,1,1,-0.49145565916975514
0,2,-1.56478442425166,2,2,0.04370821849987721,0,-1,1,0,1,0,5,0,0.008741643699975443
0,1,0.5485862670838475,0,2,-0.12491978668775715,0,5,0,0,1,1,3,0,-0.04163992889591905
0,1,0.9712604053509489,0,0,-0.3866707201133388,0,-1,1,0,1,1,1,1,-0.3866707201133388
0,1,1.6629089952425695,0,0,-0.39623469652696586,0,-1,1,0,1,1,1,1,-0.39623469652696586
1,0,-0.5657364610748746,1,0,0.6925485130875209,0,2,0,0,1,0,2,0,0.34627425654376043
0,2,2.00873329018838,0,0,-0.4863374216869257,0,-1,1,0,1,1,1,1,-0.4863374216869257
0,2,0.8559856403690123,0,2,-0.35646868933346404,0,-1,1,0,1,1,3,0,-0.11882289644448801
0,2,-0.10463740114712752,0,0,-0.5011867534870308,0,-1,1,0,1,1,1,1,-0.5011867534870308
0,0,1.6629089952425695,0,1,0.5874293382238074,0,-1,1,0,0,1,2,0,0.2937146691119037
1,2,-1.0268355210026217,0,0,-0.49271407711891657,0,-1,1,1,0,0,1,1,-0.49271407711891657
0,2,0.04906228549545483,0,0,-0.4863374216869257,0,-1,1,0,1,1,1,1,-0.4863374216869257
0,2,-0.10463740114712752,0,0,-0.47400492578514347,0,-1,1,0,1,1,1,1,-0.47400492578514347
0,2,-0.10463740114712752,8,2,0.7519458402879414,0,-1,1,0,1,1,11,0,0.06835871275344922
0,2,1.1249600919935314,0,1,-0.32425318983493084,0,-1,1,0,1,1,2,0,-0.16212659491746542
1,1,0.8175607187083667,0,0,-0.331300330350235,0,-1,1,0,1,0,1,1,-0.331300330350235
0,2,-0.2583370877897099,0,0,-0.4918744606632361,0,-1,1,0,1,1,1,1,-0.4918744606632361
0,2,-0.9499856776813305,0,0,-0.47400492578514347,0,-1,1,0,1,1,1,1,-0.47400492578514347
0,2,-2.1795831708219895,4,1,0.1506737441786005,0,-1,1,0,1,1,6,0,0.025112290696433417
1,2,-1.56478442425166,0,2,-0.2351571990343002,0,-1,1,0,1,1,3,0,-0.07838573301143341
1,0,-0.10463740114712752,0,1,0.4589861417231558,0,4,0,0,1,0,2,0,0.2294930708615779
0,2,1.2018099353148226,1,4,-0.08666388103324908,0,-1,1,0,1,0,6,0,-0.01444398017220818
0,0,-0.10463740114712752,0,0,-0.12642988822675086,0,-1,1,0,1,1,1,1,-0.12642988822675086
0,2,-0.10463740114712752,0,0,0.48910360681684706,0,-1,1,0,1,1,1,1,0.48910360681684706
0,0,2.4314074284554814,0,0,0.026090367211616904,0,1,0,0,1,1,1,1,0.026090367211616904
0,2,-1.949033640858116,4,1,-0.06199888922968463,0,-1,1,1,0,1,6,0,-0.010333148204947438
1,2,-2.1795831708219895,1,1,-0.4242561406845337,0,-1,1,0,1,0,3,0,-0.14141871356151123
0,2,-0.6425863043961658,0,0,-0.4888542575852486,0,-1,1,0,1,1,1,1,-0.4888542575852486
0,0,2.0471582118490255,0,0,-0.030371322596999754,0,0,0,0,0,1,1,1,-0.030371322596999754
0,2,-0.8731358343600393,1,1,-0.4902797934380587,0,-1,1,0,1,1,3,0,-0.16342659781268623
0,2,-0.10463740114712752,3,1,-0.13565761536436197,0,-1,1,0,1,1,5,0,-0.027131523072872393
0,0,1.5860591519212783,0,0,-0.07030444769415023,0,2,0,0,0,0,1,1,-0.07030444769415023
0,1,0.04906228549545483,0,0,-0.3866707201133388,0,-1,1,0,1,1,1,1,-0.3866707201133388
0,2,0.5101613454232019,0,0,-0.6484216535389205,0,-1,1,0,1,1,1,1,-0.6484216535389205
0,2,-0.10463740114712752,8,2,0.7519458402879414,0,-1,1,0,1,0,11,0,0.06835871275344922
0,1,-0.10463740114712752,0,0,-0.34539461138084326,0,-1,1,0,0,1,1,1,-0.34539461138084326
0,2,-1.56478442425166,4,2,-0.016444159470040135,0,-1,1,0,1,1,7,0,-0.0023491656385771623
1,1,-2.1795831708219895,2,1,0.13683114673782454,0,5,0,0,1,1,4,0,0.034207786684456135
1,2,-1.949033640858116,0,2,-0.20495516825442542,0,-1,1,0,1,0,3,0,-0.0683183894181418
0,0,-0.10463740114712752,0,0,0.3583127057902398,0,0,0,0,1,1,1,1,0.3583127057902398
1,2,-0.10463740114712752,1,0,-0.3363340021468808,0,-1,1,1,0,0,2,0,-0.1681670010734404
1,0,1.2018099353148226,0,0,-0.11384570873513637,0,-1,1,0,1,1,1,1,-0.11384570873513637
0,2,0.8175607187083667,1,1,-0.3363340021468808,0,-1,1,1,0,1,3,0,-0.11211133404896027
0,2,0.5101613454232019,0,0,-0.4894421904510968,0,-1,1,0,1,1,1,1,-0.4894421904510968
1,1,0.20276197213803718,0,0,-0.3866707201133388,0,-1,1,0,1,0,1,1,-0.3866707201133388
0,1,-0.7962859910387481,0,0,-0.3866707201133388,0,-1,1,0,1,1,1,1,-0.3866707201133388
1,2,-0.7962859910387481,1,0,-0.4902797934380587,0,-1,1,0,1,0,2,0,-0.24513989671902936
1,1,-2.025883484179407,1,1,-0.12491978668775715,0,5,0,0,1,1,3,0,-0.04163992889591905
1,0,1.1249600919935314,0,0,-0.09027201697708476,0,1,0,0,0,0,1,1,-0.09027201697708476
1,0,2.200857898491608,0,0,2.301728820789,0,1,0,0,0,0,1,1,2.301728820789
0,2,-0.10463740114712752,0,0,-0.49237782784290063,0,-1,1,1,0,1,1,1,-0.49237782784290063
0,2,0.9712604053509489,0,1,-0.47920571548543794,0,-1,1,0,1,1,2,0,-0.23960285774271897
1,2,-0.10463740114712752,0,0,-0.49237782784290063,0,-1,1,1,0,0,1,1,-0.49237782784290063
0,1,-0.41203677443229225,0,0,-0.3866707201133388,0,-1,1,0,1,0,1,1,-0.3866707201133388
0,2,-0.10463740114712752,0,0,-0.45714212526638004,0,-1,1,0,1,1,1,1,-0.45714212526638004
0,2,-0.10463740114712752,8,2,0.7519458402879414,0,-1,1,0,1,1,11,0,0.06835871275344922
0,2,0.35646165878061953,0,0,-0.5176307525123133,0,-1,1,0,1,1,1,1,-0.5176307525123133
0,2,1.2402348569754682,0,0,-0.5029485386158568,0,-1,1,0,0,1,1,1,-0.5029485386158568
1,2,-0.8731358343600393,0,0,-0.4863374216869257,0,-1,1,0,1,1,1,1,-0.4863374216869257
0,2,-2.1027333275006983,0,1,-0.43776248884929375,0,6,0,0,1,0,2,0,-0.21888124442464688
0,2,0.20276197213803718,1,0,-0.32928686163157667,0,-1,1,0,1,1,2,0,-0.16464343081578833
1,2,-0.2583370877897099,0,0,-0.2701412180209885,0,-1,1,0,0,1,1,1,-0.2701412180209885
1,2,-1.0268355210026217,0,0,-0.49237782784290063,0,-1,1,1,0,0,1,1,-0.49237782784290063
1,0,0.8175607187083667,0,0,-0.024246350754841113,0,0,0,0,0,1,1,1,-0.024246350754841113
0,2,-0.41203677443229225,0,0,-0.5064721088735089,0,-1,1,0,1,1,1,1,-0.5064721088735089
1,1,0.4333115021019107,0,0,-0.22559322262067316,0,-1,1,0,1,0,1,1,-0.22559322262067316
0,2,-0.5657364610748746,0,0,-0.5024451714361923,0,-1,1,0,1,1,1,1,-0.5024451714361923
0,1,0.04906228549545483,0,0,-0.3866707201133388,0,-1,1,0,1,1,1,1,-0.3866707201133388
0,2,-0.10463740114712752,1,0,-0.49237782784290063,0,-1,1,1,0,1,2,0,-0.24618891392145031
1,0,0.12591212881674602,1,0,1.6323350375212924,0,3,0,0,0,0,2,0,0.8161675187606462
1,2,-0.1814872444684187,0,0,-0.4888542575852486,0,-1,1,0,1,0,1,1,-0.4888542575852486
0,1,0.9712604053509489,1,0,-0.10478509950117394,0,-1,1,0,1,1,2,0,-0.05239254975058697
1,0,0.20276197213803718,0,0,0.8876878608937296,0,3,0,0,0,0,1,1,0.8876878608937296
0,1,0.04906228549545483,0,0,-0.43700743807979686,0,-1,1,0,1,1,1,1,-0.43700743807979686
1,2,-1.0268355210026217,0,0,-0.4863374216869257,0,-1,1,0,1,1,1,1,-0.4863374216869257
0,1,-0.1814872444684187,0,0,-0.3866707201133388,0,-1,1,0,1,1,1,1,-0.3866707201133388
0,2,1.6629089952425695,0,0,-0.4863374216869257,0,-1,1,0,1,1,1,1,-0.4863374216869257
0,2,-0.10463740114712752,0,0,-0.4894421904510968,0,-1,1,0,1,1,1,1,-0.4894421904510968
1,0,0.6638610320657843,1,0,1.163700193253568,0,2,0,0,1,1,2,0,0.581850096626784
0,2,-0.5657364610748746,0,0,-0.4601623283443675,0,-1,1,0,1,1,1,1,-0.4601623283443675
1,1,-0.7962859910387481,0,0,-0.43700743807979686,0,-1,1,0,1,1,1,1,-0.43700743807979686
0,2,-0.6810112260568114,0,0,-0.5024451714361923,0,-1,1,0,1,1,1,1,-0.5024451714361923
0,1,-0.8731358343600393,0,0,-0.3866707201133388,0,-1,1,0,1,1,1,1,-0.3866707201133388
0,2,-0.10463740114712752,3,1,-0.13565761536436197,0,-1,1,0,1,0,5,0,-0.027131523072872393
1,0,0.4333115021019107,1,0,1.0323213593611125,0,2,0,0,1,0,2,0,0.5161606796805562
0,2,-0.027787557825836348,0,0,-0.4918744606632361,0,-1,1,0,1,1,1,1,-0.4918744606632361
0,1,2.277707741812899,0,0,-0.3766033765200472,0,-1,1,0,1,1,1,1,-0.3766033765200472
1,2,-1.8721837975368247,4,2,-0.016444159470040135,0,-1,1,0,1,0,7,0,-0.0023491656385771623
0,1,-0.41203677443229225,0,0,-0.43700743807979686,0,-1,1,0,1,1,1,1,-0.43700743807979686
0,2,-0.10463740114712752,0,0,-0.49640476528021726,0,-1,1,0,1,0,1,1,-0.49640476528021726
0,1,1.1249600919935314,1,0,-0.12491978668775715,0,-1,1,0,1,1,2,0,-0.062459893343878574
1,1,-1.6416342675729512,0,2,-0.11988611489111134,0,-1,1,0,1,0,3,0,-0.039962038297037115
0,1,-0.7962859910387481,0,0,-0.43700743807979686,0,-1,1,0,1,1,1,1,-0.43700743807979686
0,1,0.27961181545932834,0,0,-0.4012683683236117,0,-1,1,0,1,1,1,1,-0.4012683683236117
0,2,-0.10463740114712752,1,0,-0.3573908580066095,0,-1,1,0,0,0,2,0,-0.17869542900330476
1,2,-0.10463740114712752,1,0,-0.3363340021468808,0,-1,1,1,0,0,2,0,-0.1681670010734404
0,1,-0.027787557825836348,0,0,-0.43700743807979686,0,-1,1,0,1,1,1,1,-0.43700743807979686
0,2,-0.5657364610748746,0,0,-0.5049620073345151,0,-1,1,0,1,1,1,1,-0.5049620073345151
0,2,0.04906228549545483,0,0,-0.5029485386158568,0,-1,1,0,0,1,1,1,-0.5029485386158568
0,0,1.1249600919935314,2,0,1.163700193253568,0,2,0,1,0,1,3,0,0.387900064417856
0,2,-0.33518693111100106,0,0,-0.4918744606632361,0,-1,1,0,1,0,1,1,-0.4918744606632361
1,1,-0.41203677443229225,0,2,-0.35646868933346404,0,-1,1,0,1,0,3,0,-0.11882289644448801
1,0,0.5870111887444931,1,1,0.40974072380221066,0,3,0,0,1,1,3,0,0.13658024126740356
0,1,1.893458525206443,1,0,-0.12491978668775715,0,-1,1,0,1,1,2,0,-0.062459893343878574
0,2,-0.10463740114712752,0,0,-0.5024451714361923,0,-1,1,0,1,1,1,1,-0.5024451714361923
0,2,-0.027787557825836348,1,1,-0.43776248884929375,0,6,0,0,1,0,3,0,-0.14592082961643124
0,0,2.5082572717767726,0,0,-0.11384570873513637,0,2,0,0,1,1,1,1,-0.11384570873513637
0,2,0.04906228549545483,1,0,-0.32425318983493084,0,-1,1,0,1,1,2,0,-0.16212659491746542
0,2,0.8944105620296577,0,2,-0.2414492887801075,0,-1,1,0,1,0,3,0,-0.08048309626003583
1,2,-0.027787557825836348,0,2,-0.3414522396297103,0,-1,1,0,0,0,3,0,-0.11381741320990342
1,0,-0.10463740114712752,0,0,0.9462455716384695,0,-1,1,0,0,0,1,1,0.9462455716384695
1,0,0.04906228549545483,0,0,1.093228788100527,0,1,0,0,1,0,1,1,1.093228788100527
1,0,0.4333115021019107,0,0,9.667166525013505,0,-1,1,0,0,0,1,1,9.667166525013505
1,1,1.5860591519212783,0,1,-0.12491978668775715,0,-1,1,0,1,0,2,0,-0.062459893343878574
0,2,-0.10463740114712752,0,0,-0.49237782784290063,0,-1,1,1,0,1,1,1,-0.49237782784290063
1,2,-2.025883484179407,4,2,-0.016444159470040135,0,-1,1,0,1,1,7,0,-0.0023491656385771623
0,0,1.7397588385638607,1,1,0.955306180872432,0,4,0,0,1,1,3,0,0.318435393624144
0,0,0.8175607187083667,0,0,-0.6484216535389205,0,1,0,0,1,1,1,1,-0.6484216535389205
0,2,-0.10463740114712752,0,0,-0.49237782784290063,0,-1,1,1,0,0,1,1,-0.49237782784290063
0,1,0.5101613454232019,0,0,-0.43700743807979686,0,-1,1,0,1,1,1,1,-0.43700743807979686
0,2,-1.0268355210026217,4,1,0.1506737441786005,0,-1,1,0,1,1,6,0,0.025112290696433417
1,2,-0.33518693111100106,1,0,-0.4918744606632361,0,-1,1,0,1,1,2,0,-0.24593723033161805
1,0,2.200857898491608,0,1,2.441497778832105,0,2,0,0,1,0,2,0,1.2207488894160525
1,0,0.4333115021019107,0,0,2.0825124140450755,0,2,0,0,1,0,1,1,2.0825124140450755
0,0,-0.10463740114712752,0,0,-0.024246350754841113,0,-1,1,0,1,1,1,1,-0.024246350754841113
1,2,-0.33518693111100106,0,0,-0.6484216535389205,0,-1,1,0,1,1,1,1,-0.6484216535389205
1,1,0.8944105620296577,0,1,-0.255795253400548,0,-1,1,0,1,0,2,0,-0.127897626700274
0,0,0.5870111887444931,0,1,-0.05042144409739929,0,2,0,0,0,1,2,0,-0.025210722048699646
1,2,-0.10463740114712752,0,0,-0.49237782784290063,0,-1,1,1,0,0,1,1,-0.49237782784290063
1,0,2.585107115098064,1,0,0.921244330558889,0,3,0,0,1,0,2,0,0.4606221652794445
0,2,1.2018099353148226,0,0,-0.49237782784290063,0,-1,1,0,1,0,1,1,-0.49237782784290063
0,1,-0.10463740114712752,0,0,-0.6484216535389205,0,-1,1,0,1,1,1,1,-0.6484216535389205
0,2,-1.7184841108942424,4,1,-0.06199888922968463,0,-1,1,1,0,1,6,0,-0.010333148204947438
1,2,0.4333115021019107,1,1,-0.24069423801061057,0,-1,1,0,1,0,3,0,-0.08023141267020352
0,2,2.738806801740646,0,0,-0.49237782784290063,0,-1,1,1,0,1,1,1,-0.49237782784290063
0,2,-0.10463740114712752,0,0,-0.4902797934380587,0,-1,1,0,1,1,1,1,-0.4902797934380587
0,2,-1.0268355210026217,0,0,-0.45714212526638004,0,-1,1,0,1,1,1,1,-0.45714212526638004
1,2,-0.7962859910387481,0,0,-0.4863374216869257,0,-1,1,0,1,1,1,1,-0.4863374216869257
0,0,-0.10463740114712752,0,0,-0.12491978668775715,0,0,0,0,1,1,1,1,-0.12491978668775715
0,2,0.27961181545932834,0,0,-0.47400492578514347,0,-1,1,0,0,1,1,1,-0.47400492578514347
1,2,0.04906228549545483,0,0,-0.45714212526638004,0,-1,1,0,1,1,1,1,-0.45714212526638004
0,2,-0.5657364610748746,0,0,-0.4894421904510968,0,-1,1,0,1,1,1,1,-0.4894421904510968
1,1,0.9712604053509489,0,0,-0.3866707201133388,0,-1,1,0,1,1,1,1,-0.3866707201133388
1,2,-0.5657364610748746,0,0,-0.49237782784290063,0,-1,1,1,0,0,1,1,-0.49237782784290063
1,0,-0.2583370877897099,0,0,0.9391984311231651,0,-1,1,0,1,0,1,1,0.9391984311231651
1,0,-0.7962859910387481,1,0,1.1854295476653287,0,1,0,0,0,0,2,0,0.5927147738326644
0,1,0.5101613454232019,0,0,-0.3891875560116617,0,3,0,0,0,1,1,1,-0.3891875560116617
0,2,-0.41203677443229225,0,0,-0.4702296719376591,0,-1,1,0,1,0,1,1,-0.4702296719376591
0,2,-0.41203677443229225,0,0,-0.4894421904510968,0,-1,1,0,1,1,1,1,-0.4894421904510968
0,0,-0.10463740114712752,0,0,-0.09027201697708476,0,-1,1,0,0,1,1,1,-0.09027201697708476
0,2,-0.45046169609293785,0,0,-0.5028639729296732,0,-1,1,0,0,1,1,1,-0.5028639729296732
0,0,-2.1027333275006983,1,2,2.4029901895877646,0,2,0,0,1,0,4,0,0.6007475473969411
1,0,-0.10463740114712752,0,0,-0.034313694348132716,0,2,0,0,1,1,1,1,-0.034313694348132716
1,0,1.5860591519212783,0,1,4.335332226633905,0,1,0,0,0,0,2,0,2.1676661133169524
1,2,-0.10463740114712752,0,0,-0.49237782784290063,0,-1,1,1,0,0,1,1,-0.49237782784290063
1,2,-0.10463740114712752,2,0,-0.18029017645086096,0,-1,1,1,0,1,3,0,-0.06009672548362032
0,2,-0.7962859910387481,0,0,-0.6484216535389205,0,-1,1,0,1,1,1,1,-0.6484216535389205
1,1,-0.10463740114712752,0,0,-0.3997582667846179,0,4,0,1,0,0,1,1,-0.3997582667846179
0,2,-0.10463740114712752,0,0,-0.4863374216869257,0,-1,1,0,1,1,1,1,-0.4863374216869257
1,0,-2.1857311582876924,1,2,2.4029901895877646,0,2,0,0,1,1,4,0,0.6007475473969411
1,0,-0.10463740114712752,0,0,1.5841789061771412,0,-1,1,0,0,0,1,1,1.5841789061771412
1,0,-0.9499856776813305,1,0,1.5442457810799908,0,2,0,0,0,0,2,0,0.7721228905399954
0,1,0.04906228549545483,1,0,-0.16518916106092355,0,-1,1,0,0,1,2,0,-0.08259458053046177
1,0,0.04906228549545483,0,0,0.49782998024351216,0,4,0,0,0,0,1,1,0.49782998024351216
1,0,-0.41203677443229225,0,0,1.0259447039291216,0,2,0,0,0,0,1,1,1.0259447039291216
1,0,-0.8731358343600393,2,2,4.634416897040849,0,1,0,0,0,0,5,0,0.9268833794081697
0,1,-0.2583370877897099,1,1,-0.12491978668775715,0,-1,1,0,1,0,3,0,-0.04163992889591905
0,2,-0.10463740114712752,0,0,-0.4894421904510968,0,-1,1,0,1,1,1,1,-0.4894421904510968
0,1,1.0481102486722402,1,1,-0.11988611489111134,0,-1,1,0,1,1,3,0,-0.039962038297037115
1,2,-0.2583370877897099,0,0,-0.4902797934380587,0,-1,1,0,1,0,1,1,-0.4902797934380587
1,1,-0.41203677443229225,1,0,-0.12491978668775715,0,-1,1,0,1,0,2,0,-0.062459893343878574
0,1,1.893458525206443,0,0,-0.36653603292675563,0,-1,1,0,1,1,1,1,-0.36653603292675563
1,0,0.12591212881674602,0,2,2.671117778445337,0,2,0,0,1,0,3,0,0.8903725928151123
1,0,0.8175607187083667,1,1,2.059693773056521,0,4,0,0,0,0,3,0,0.6865645910188403
0,2,-0.5657364610748746,0,0,-0.5024451714361923,0,-1,1,0,1,1,1,1,-0.5024451714361923
0,2,-0.1814872444684187,0,0,-0.4894421904510968,0,-1,1,0,1,1,1,1,-0.4894421904510968
1,1,0.04906228549545483,0,0,-0.3997582667846179,0,-1,1,1,0,0,1,1,-0.3997582667846179
1,1,-0.5657364610748746,1,1,-0.06451572512800753,0,-1,1,0,1,0,3,0,-0.021505241709335845
0,2,-0.10463740114712752,8,2,0.7519458402879414,0,-1,1,0,1,1,11,0,0.06835871275344922
1,0,0.5101613454232019,0,0,2.0825124140450755,0,2,0,0,0,0,1,1,2.0825124140450755
0,2,2.4314074284554814,0,0,-0.5228315422126077,0,-1,1,0,1,1,1,1,-0.5228315422126077
1,1,0.5101613454232019,0,0,-0.3866707201133388,0,3,0,0,1,0,1,1,-0.3866707201133388
1,2,0.12591212881674602,1,1,-0.2351571990343002,0,-1,1,0,1,0,3,0,-0.07838573301143341
1,0,-1.0268355210026217,0,1,0.5189714017894245,0,1,0,0,0,0,2,0,0.25948570089471223
1,2,-0.10463740114712752,2,0,-0.18029017645086096,0,-1,1,1,0,0,3,0,-0.06009672548362032
0,0,1.2402348569754682,0,0,-0.07458306872129913,0,2,0,0,1,1,1,1,-0.07458306872129913
0,0,0.6638610320657843,0,1,2.441497778832105,0,2,0,0,1,1,2,0,1.2207488894160525
0,2,-1.0268355210026217,2,0,-0.2859972841804228,0,-1,1,0,1,1,3,0,-0.09533242806014093
1,0,-0.10463740114712752,1,0,2.042579288947925,0,-1,1,0,1,0,2,0,1.0212896444739625
0,2,-0.10463740114712752,0,0,-0.4894421904510968,0,-1,1,0,1,1,1,1,-0.4894421904510968
0,0,-0.027787557825836348,1,0,0.6925485130875209,0,2,0,0,1,1,2,0,0.34627425654376043
1,0,0.8944105620296577,0,0,2.059693773056521,0,4,0,0,0,0,1,1,2.059693773056521
1,2,1.2018099353148226,0,0,-0.4863374216869257,0,-1,1,0,1,1,1,1,-0.4863374216869257
0,0,1.2018099353148226,0,0,0.06635974158478332,0,7,0,0,1,1,1,1,0.06635974158478332
1,1,-2.1027333275006983,1,1,-0.12491978668775715,0,5,0,0,1,1,3,0,-0.04163992889591905
1,0,-0.41203677443229225,3,2,4.647001076532463,0,2,0,0,1,0,6,0,0.7745001794220773
0,1,-0.10463740114712752,0,0,-0.3866707201133388,0,-1,1,0,1,1,1,1,-0.3866707201133388
0,1,-0.33518693111100106,0,0,-0.3866707201133388,0,-1,1,0,1,1,1,1,-0.3866707201133388
0,1,0.5101613454232019,0,0,-0.3866707201133388,0,-1,1,0,1,1,1,1,-0.3866707201133388
1,1,-0.41203677443229225,0,0,-0.3866707201133388,0,5,0,0,1,0,1,1,-0.3866707201133388
1,1,0.8175607187083667,0,0,-0.3866707201133388,0,-1,1,0,1,0,1,1,-0.3866707201133388
1,2,-0.10463740114712752,1,0,-0.32425318983493084,0,-1,1,0,1,0,2,0,-0.16212659491746542
1,2,-2.025883484179407,1,1,-0.32828012727224753,0,-1,1,0,1,1,3,0,-0.10942670909074918
0,2,0.9712604053509489,0,0,-0.47400492578514347,0,-1,1,0,1,1,1,1,-0.47400492578514347
0,2,-0.48888661775358344,0,0,-0.4626791642426904,0,-1,1,0,1,1,1,1,-0.4626791642426904
0,0,-0.10463740114712752,0,0,0.05629239799149171,0,2,0,0,1,1,1,1,0.05629239799149171
0,2,-1.1036853643239128,1,1,-0.5028639729296732,0,-1,1,0,0,1,3,0,-0.16762132430989107
0,2,-0.33518693111100106,1,0,-0.29002422161773944,0,-1,1,0,1,1,2,0,-0.14501211080886972
0,2,-0.10463740114712752,0,0,-0.5029485386158568,0,-1,1,0,0,1,1,1,-0.5029485386158568
0,2,-0.10463740114712752,0,0,-0.45714212526638004,0,-1,1,0,1,1,1,1,-0.45714212526638004
1,0,-0.5657364610748746,0,1,0.4589861417231558,0,4,0,0,1,0,2,0,0.2294930708615779
0,1,0.6638610320657843,0,0,-0.3866707201133388,0,-1,1,0,1,0,1,1,-0.3866707201133388
1,2,-0.10463740114712752,0,0,-0.48977642625839407,0,-1,1,1,0,0,1,1,-0.48977642625839407
1,2,-0.10463740114712752,0,0,-0.48977642625839407,0,-1,1,1,0,0,1,1,-0.48977642625839407
0,2,0.8175607187083667,1,4,-0.08666388103324908,0,-1,1,0,1,1,6,0,-0.01444398017220818
0,1,-0.027787557825836348,1,0,-0.09027201697708476,0,-1,1,0,0,1,2,0,-0.04513600848854238
0,2,1.2018099353148226,0,1,-0.3573908580066095,0,-1,1,0,0,0,2,0,-0.17869542900330476
0,2,0.4333115021019107,0,0,-0.5064721088735089,0,-1,1,0,1,1,1,1,-0.5064721088735089
0,2,-0.10463740114712752,1,0,-0.3363340021468808,0,-1,1,1,0,1,2,0,-0.1681670010734404
0,2,0.04906228549545483,0,0,-0.5024451714361923,0,-1,1,0,1,1,1,1,-0.5024451714361923
1,0,2.3545575851341902,1,0,0.8667135572514657,0,3,0,0,0,0,2,0,0.43335677862573285
1,2,-0.10463740114712752,0,0,-0.5028639729296732,0,-1,1,0,0,0,1,1,-0.5028639729296732
1,2,-0.10463740114712752,0,0,-0.49237782784290063,0,-1,1,1,0,0,1,1,-0.49237782784290063
1,0,-0.41203677443229225,0,0,0.7469121684912956,0,1,0,0,0,0,1,1,0.7469121684912956
1,0,-0.33518693111100106,1,0,0.4678796330534696,0,4,0,0,0,1,2,0,0.2339398165267348
0,2,-0.8731358343600393,1,0,-0.5176307525123133,0,-1,1,0,1,1,2,0,-0.25881537625615664
0,2,-0.7962859910387481,0,0,-0.4863374216869257,0,-1,1,0,1,1,1,1,-0.4863374216869257
0,0,-0.5657364610748746,0,0,2.0825124140450755,0,-1,1,0,0,1,1,1,2.0825124140450755
0,2,-2.025883484179407,3,1,-0.22408312108167944,0,-1,1,0,1,0,5,0,-0.044816624216335886
1,0,-0.10463740114712752,1,0,1.0060617003323709,0,-1,1,0,0,0,2,0,0.5030308501661854
1,2,-0.5657364610748746,0,0,-0.5024451714361923,0,-1,1,0,1,0,1,1,-0.5024451714361923
0,0,-0.1814872444684187,0,2,3.610064686423428,0,2,0,0,0,1,3,0,1.203354895474476
0,2,-0.719436147717457,0,0,-0.5676312212027554,0,-1,1,0,0,1,1,1,-0.5676312212027554
0,2,-0.7962859910387481,0,0,-0.4918744606632361,0,-1,1,0,1,1,1,1,-0.4918744606632361
1,0,0.9712604053509489,0,0,3.9327230485884233,0,-1,1,0,0,0,1,1,3.9327230485884233
1,2,-2.1795831708219895,0,2,-0.33146744825388363,0,-1,1,0,0,0,3,0,-0.11048914941796122
0,2,0.20276197213803718,0,0,-0.4888542575852486,0,-1,1,0,1,1,1,1,-0.4888542575852486
1,0,0.4333115021019107,1,0,0.39858208016340624,0,-1,1,0,1,0,2,0,0.19929104008170312
0,2,-0.10463740114712752,0,0,-0.4894421904510968,0,-1,1,0,1,1,1,1,-0.4894421904510968
0,1,-0.8731358343600393,0,0,0.8314778546749452,0,-1,1,0,1,1,1,1,0.8314778546749452
0,2,-2.1795831708219895,5,2,0.2958951755118318,0,-1,1,0,1,1,8,0,0.036986896938978976
1,1,0.5101613454232019,0,0,-0.3866707201133388,0,-1,1,0,1,0,1,1,-0.3866707201133388
0,2,-0.10463740114712752,0,0,-0.49279662933638163,0,-1,1,1,0,1,1,1,-0.49279662933638163
1,1,-0.9499856776813305,0,0,-0.40680540729992204,0,-1,1,0,0,0,1,1,-0.40680540729992204
1,0,0.5101613454232019,1,2,1.7677408088510642,0,1,0,0,1,1,4,0,0.44193520221276605
1,2,-0.6425863043961658,0,0,-0.49145565916975514,0,-1,1,0,1,1,1,1,-0.49145565916975514
0,2,-0.10463740114712752,2,0,-0.4888542575852486,0,-1,1,0,1,1,3,0,-0.16295141919508285
1,0,-0.48888661775358344,1,0,1.6323350375212924,0,3,0,0,0,0,2,0,0.8161675187606462
1,2,-0.41203677443229225,0,2,-0.312172377522981,0,6,0,0,1,0,3,0,-0.104057459174327
0,2,-0.5657364610748746,0,0,-0.49145565916975514,0,-1,1,0,1,1,1,1,-0.49145565916975514
0,2,0.12591212881674602,0,0,-0.4902797934380587,0,-1,1,0,1,0,1,1,-0.4902797934380587
0,1,1.2786597786361138,0,0,-0.12491978668775715,0,-1,1,0,1,1,1,1,-0.12491978668775715
0,1,-0.48888661775358344,0,0,-0.43700743807979686,0,-1,1,0,1,1,1,1,-0.43700743807979686
1,1,-0.10463740114712752,0,0,-0.393717860628643,0,-1,1,0,1,0,1,1,-0.393717860628643
1,2,0.7407108753870755,0,0,-0.4888542575852486,0,-1,1,0,1,1,1,1,-0.4888542575852486
0,2,-0.2583370877897099,0,0,-0.4863374216869257,0,-1,1,0,1,1,1,1,-0.4863374216869257
0,2,-0.6425863043961658,1,0,-0.4505983519307405,0,-1,1,0,1,0,2,0,-0.22529917596537025
0,2,-0.10463740114712752,1,0,-0.32928686163157667,0,-1,1,0,1,1,2,0,-0.16464343081578833
0,2,-0.719436147717457,0,0,-0.47400492578514347,0,-1,1,0,1,0,1,1,-0.47400492578514347
0,1,0.35646165878061953,1,0,-0.22559322262067316,0,-1,1,0,1,1,2,0,-0.11279661131033658
0,2,1.6629089952425695,0,0,-0.49237782784290063,0,-1,1,0,1,1,1,1,-0.49237782784290063
1,1,-2.025883484179407,1,1,-0.2708962687904854,0,-1,1,0,1,1,3,0,-0.09029875626349514
0,2,-0.6425863043961658,0,0,-0.4918744606632361,0,-1,1,0,1,1,1,1,-0.4918744606632361
0,2,-0.10463740114712752,3,1,-0.13565761536436197,0,-1,1,0,1,0,5,0,-0.027131523072872393
0,2,-0.10463740114712752,0,0,-0.4894421904510968,0,-1,1,0,1,1,1,1,-0.4894421904510968
0,2,-0.10463740114712752,0,0,-0.5103319284071769,0,-1,1,1,0,1,1,1,-0.5103319284071769
1,0,0.27961181545932834,1,0,1.163700193253568,0,2,0,1,0,0,2,0,0.581850096626784
0,1,-0.10463740114712752,0,0,-0.6484216535389205,0,-1,1,0,1,1,1,1,-0.6484216535389205
1,2,1.1249600919935314,0,0,-0.4888542575852486,0,-1,1,0,1,1,1,1,-0.4888542575852486
0,2,-0.10463740114712752,0,0,-0.4863374216869257,0,-1,1,0,1,0,1,1,-0.4863374216869257
1,1,0.35646165878061953,1,1,0.005955680025033696,0,-1,1,0,1,0,3,0,0.001985226675011232
1,1,-0.8731358343600393,0,2,-0.3866707201133388,0,-1,1,0,1,0,3,0,-0.1288902400377796
0,1,0.04906228549545483,0,0,-0.3866707201133388,0,-1,1,0,1,1,1,1,-0.3866707201133388
0,2,-1.4879345809303688,0,2,-0.1621689579829361,0,-1,1,0,1,0,3,0,-0.05405631932764537
0,2,-0.10463740114712752,0,0,-0.4894421904510968,0,-1,1,0,0,1,1,1,-0.4894421904510968
0,2,-0.6425863043961658,0,0,-0.49271407711891657,0,-1,1,1,0,1,1,1,-0.49271407711891657
0,2,-0.027787557825836348,0,0,-0.4898609919445778,0,-1,1,0,1,1,1,1,-0.4898609919445778
0,2,-0.10463740114712752,1,1,-0.35848215805212236,0,-1,1,0,1,0,3,0,-0.11949405268404079
0,2,-0.8731358343600393,1,1,-0.2414492887801075,0,-1,1,0,1,1,3,0,-0.08048309626003583
0,2,-0.10463740114712752,0,0,-0.5024451714361923,0,-1,1,0,1,1,1,1,-0.5024451714361923
1,1,-0.10463740114712752,1,0,-0.12491978668775715,0,-1,1,0,1,0,2,0,-0.062459893343878574
1,1,-0.7962859910387481,0,0,-0.12491978668775715,0,-1,1,0,1,0,1,1,-0.12491978668775715
0,2,-0.10463740114712752,0,0,-0.49237782784290063,0,-1,1,1,0,1,1,1,-0.49237782784290063
1,2,0.20276197213803718,0,0,-0.4863374216869257,0,4,0,0,1,1,1,1,-0.4863374216869257
1,0,-0.10463740114712752,0,0,-0.11384570873513637,0,2,0,0,1,1,1,1,-0.11384570873513637
1,2,-0.10463740114712752,1,0,-0.32425318983493084,0,-1,1,0,1,0,2,0,-0.16212659491746542
1,1,0.9712604053509489,1,0,-0.12491978668775715,0,-1,1,0,1,0,2,0,-0.062459893343878574
0,2,-0.9499856776813305,0,0,-0.5049620073345151,0,-1,1,0,1,1,1,1,-0.5049620073345151
0,0,1.5860591519212783,1,0,0.4771073601910807,0,4,0,0,1,1,2,0,0.23855368009554034
1,0,-1.180535207645204,1,2,1.7677408088510642,0,1,0,0,1,0,4,0,0.44193520221276605
0,2,-0.6425863043961658,2,2,0.04370821849987721,0,-1,1,0,1,0,5,0,0.008741643699975443
1,1,-0.41203677443229225,2,3,-0.2708962687904854,0,-1,1,0,1,0,6,0,-0.04514937813174757
0,0,2.661956958419355,1,4,4.647001076532463,0,2,0,0,1,1,6,0,0.7745001794220773
0,1,0.12591212881674602,0,0,-0.43700743807979686,0,-1,1,0,1,1,1,1,-0.43700743807979686
1,1,1.2018099353148226,1,1,-0.11988611489111134,0,-1,1,0,1,0,3,0,-0.039962038297037115
0,2,-0.719436147717457,0,0,-0.45714212526638004,0,-1,1,0,1,1,1,1,-0.45714212526638004
0,2,-0.33518693111100106,1,0,-0.4918744606632361,0,-1,1,0,1,1,2,0,-0.24593723033161805
1,1,-0.10463740114712752,0,0,-0.3866707201133388,0,-1,1,0,1,0,1,1,-0.3866707201133388
1,2,-0.10463740114712752,0,0,-0.48507900373776425,0,-1,1,0,1,1,1,1,-0.48507900373776425
1,0,-1.949033640858116,0,2,0.9997696105865636,0,0,0,0,1,1,3,0,0.33325653686218787
1,1,-1.2573850509664952,0,1,-0.255795253400548,0,-1,1,0,1,0,2,0,-0.127897626700274
1,0,0.35646165878061953,0,0,-0.11384570873513637,0,-1,1,0,1,1,1,1,-0.11384570873513637
1,2,-1.8721837975368247,2,1,-0.26066180729354516,0,-1,1,0,0,0,4,0,-0.06516545182338629
1,0,1.7397588385638607,0,0,-0.034313694348132716,0,2,0,0,1,1,1,1,-0.034313694348132716
0,1,0.5101613454232019,1,2,-0.08968408411123653,0,-1,1,0,1,1,4,0,-0.022421021027809133
0,2,-0.10463740114712752,1,0,-0.2463983948905696,0,-1,1,0,1,1,2,0,-0.1231991974452848
0,0,0.04906228549545483,0,0,-0.08968408411123653,0,2,0,0,0,1,1,1,-0.08968408411123653
1,0,1.5092093085999871,1,0,1.145663540471827,0,2,0,0,0,1,2,0,0.5728317702359135
0,2,-0.10463740114712752,0,0,-0.4863374216869257,0,-1,1,0,1,1,1,1,-0.4863374216869257
1,2,-0.027787557825836348,0,0,-0.4894421904510968,0,-1,1,0,0,1,1,1,-0.4894421904510968
0,0,2.738806801740646,0,0,-0.11384570873513637,0,4,0,0,1,1,1,1,-0.11384570873513637
1,0,-0.10463740114712752,1,0,0.395813560675251,0,3,0,0,1,0,2,0,0.1979067803376255
1,1,1.5860591519212783,0,0,-0.43700743807979686,0,-1,1,0,1,0,1,1,-0.43700743807979686
0,2,-0.10463740114712752,0,0,-0.49237782784290063,0,-1,1,1,0,1,1,1,-0.49237782784290063
1,0,1.432359465278696,0,0,-0.11384570873513637,0,4,0,0,1,1,1,1,-0.11384570873513637
0,2,0.35646165878061953,0,0,-0.4863374216869257,0,-1,1,0,1,1,1,1,-0.4863374216869257
0,0,1.3555096219574048,0,0,0.12676380314453292,0,4,0,0,1,1,1,1,0.12676380314453292
0,1,1.432359465278696,0,0,-0.3866707201133388,0,-1,1,0,1,1,1,1,-0.3866707201133388
0,2,-0.10463740114712752,0,0,-0.4863374216869257,0,-1,1,0,1,1,1,1,-0.4863374216869257
0,2,0.6638610320657843,0,0,-0.5064721088735089,0,-1,1,0,1,1,1,1,-0.5064721088735089
0,1,-0.10463740114712752,0,0,-0.6484216535389205,0,-1,1,0,1,1,1,1,-0.6484216535389205
0,0,2.0471582118490255,0,0,-0.11384570873513637,0,-1,1,0,1,1,1,1,-0.11384570873513637
0,2,-0.10463740114712752,0,0,-0.4928811950225652,0,-1,1,1,0,1,1,1,-0.4928811950225652
1,2,-2.1987956316523123,2,1,-0.26066180729354516,0,-1,1,0,0,0,4,0,-0.06516545182338629
0,2,-0.10463740114712752,0,0,-0.5024451714361923,0,-1,1,0,1,1,1,1,-0.5024451714361923
0,2,0.6638610320657843,0,0,-0.47400492578514347,0,-1,1,0,1,1,1,1,-0.47400492578514347
1,1,0.27961181545932834,1,2,-0.08968408411123653,0,-1,1,0,1,0,4,0,-0.022421021027809133
1,1,-0.48888661775358344,0,0,-0.3707300882677209,0,3,0,0,0,0,1,1,-0.3707300882677209
0,2,-0.5657364610748746,0,0,-0.45034666834090825,0,-1,1,0,1,0,1,1,-0.45034666834090825
0,0,-0.10463740114712752,0,0,0.39858208016340624,0,0,0,0,1,1,1,1,0.39858208016340624
0,1,0.35646165878061953,1,0,-0.22559322262067316,0,-1,1,0,1,1,2,0,-0.11279661131033658
0,2,-0.027787557825836348,1,0,-0.5065566745596926,0,-1,1,0,1,1,2,0,-0.2532783372798463
0,2,-0.5657364610748746,0,0,-0.4969926981460655,0,-1,1,0,1,1,1,1,-0.4969926981460655
1,2,-2.1027333275006983,0,1,-0.4010166847337793,0,-1,1,0,1,0,2,0,-0.20050834236688966
0,2,-1.56478442425166,5,2,0.2958951755118318,0,-1,1,0,1,1,8,0,0.036986896938978976
0,1,-0.10463740114712752,0,0,-0.6484216535389205,0,-1,1,0,1,1,1,1,-0.6484216535389205
0,2,1.5860591519212783,0,0,-0.4863374216869257,0,-1,1,0,1,1,1,1,-0.4863374216869257
1,2,2.585107115098064,0,0,-0.455380340137554,0,-1,1,0,1,0,1,1,-0.455380340137554
1,0,-0.33518693111100106,1,0,1.1854295476653287,0,1,0,0,0,1,2,0,0.5927147738326644
0,2,-0.10463740114712752,3,1,-0.13565761536436197,0,-1,1,0,1,0,5,0,-0.027131523072872393
1,0,0.4333115021019107,1,0,1.163700193253568,0,2,0,0,1,0,2,0,0.581850096626784
0,0,2.200857898491608,0,0,-0.05042144409739929,0,1,0,0,0,1,1,1,-0.05042144409739929
0,2,0.04906228549545483,0,0,-0.4863374216869257,0,-1,1,0,1,1,1,1,-0.4863374216869257
1,2,-1.56478442425166,1,1,-0.32828012727224753,0,-1,1,0,1,1,3,0,-0.10942670909074918
0,2,-0.10463740114712752,1,0,-0.2463983948905696,0,-1,1,0,1,1,2,0,-0.1231991974452848
0,2,-0.6425863043961658,0,0,-0.5024451714361923,0,-1,1,0,1,1,1,1,-0.5024451714361923
0,0,1.9703083685277343,0,0,-0.034313694348132716,0,2,0,0,1,1,1,1,-0.034313694348132716
0,0,3.1999058616683933,0,0,0.3483299278831318,0,-1,1,0,0,1,1,1,0.3483299278831318
0,2,-0.6425863043961658,0,0,-0.4863374216869257,0,-1,1,0,1,1,1,1,-0.4863374216869257
0,2,-0.10463740114712752,0,0,-0.3573083057891445,0,-1,1,0,0,1,1,1,-0.3573083057891445
1,0,1.893458525206443,1,0,0.9274538680872313,0,3,0,0,0,0,2,0,0.46372693404361565
0,2,-0.10463740114712752,0,0,-0.3443878770215141,0,-1,1,0,1,1,1,1,-0.3443878770215141
0,0,-0.33518693111100106,1,2,2.4029901895877646,0,2,0,0,1,0,4,0,0.6007475473969411
0,2,-0.41203677443229225,0,0,-0.49145565916975514,0,-1,1,0,1,1,1,1,-0.49145565916975514
0,2,-0.9499856776813305,0,0,-0.47400492578514347,0,-1,1,0,1,1,1,1,-0.47400492578514347
0,2,-0.6425863043961658,0,0,-0.49237782784290063,0,-1,1,1,0,0,1,1,-0.49237782784290063
0,2,-0.10463740114712752,0,0,-0.4948100980550399,0,-1,1,1,0,0,1,1,-0.4948100980550399
0,2,0.5870111887444931,0,0,-0.455380340137554,0,-1,1,0,1,0,1,1,-0.455380340137554
1,0,-1.0268355210026217,0,0,1.093228788100527,0,1,0,0,1,0,1,1,1.093228788100527
0,0,-0.8731358343600393,1,0,1.5442457810799908,0,2,0,0,0,1,2,0,0.7721228905399954
1,1,0.27961181545932834,0,2,-0.12491978668775715,0,-1,1,0,1,0,3,0,-0.04163992889591905
1,0,-0.10463740114712752,0,0,-0.11384570873513637,0,-1,1,0,1,1,1,1,-0.11384570873513637
0,2,-0.10463740114712752,0,0,-0.1948878246611338,0,-1,1,0,1,1,1,1,-0.1948878246611338
1,2,-0.2583370877897099,0,0,0.48910360681684706,0,-1,1,0,1,1,1,1,0.48910360681684706
1,2,-0.027787557825836348,0,0,-0.49237782784290063,0,-1,1,1,0,1,1,1,-0.49237782784290063
0,2,-0.10463740114712752,0,0,-0.4863374216869257,0,-1,1,0,1,1,1,1,-0.4863374216869257
1,0,0.5101613454232019,0,0,-0.11913106412161445,0,4,0,0,1,1,1,1,-0.11913106412161445
1,0,1.893458525206443,1,0,0.5475787653441219,0,-1,1,0,0,0,2,0,0.27378938267206093
0,2,-0.41203677443229225,0,0,-0.4974960653257301,0,-1,1,0,1,1,1,1,-0.4974960653257301
0,0,1.3555096219574048,0,0,0.036576512298389464,0,3,0,0,1,1,1,1,0.036576512298389464
1,1,0.35646165878061953,0,0,-0.43700743807979686,0,5,0,0,1,0,1,1,-0.43700743807979686
0,2,-0.10463740114712752,0,0,-0.1621689579829361,0,-1,1,1,0,1,1,1,-0.1621689579829361
1,1,0.5101613454232019,1,0,-0.12491978668775715,0,-1,1,0,1,0,2,0,-0.062459893343878574
0,2,0.20276197213803718,0,0,-0.4894421904510968,0,-1,1,0,1,1,1,1,-0.4894421904510968
1,0,0.04906228549545483,0,0,1.2341715984066093,0,1,0,0,1,0,1,1,1.2341715984066093
0,2,-0.5657364610748746,0,0,-0.4894421904510968,0,-1,1,0,1,1,1,1,-0.4894421904510968
0,2,-0.10463740114712752,0,0,-0.5029485386158568,0,-1,1,0,0,1,1,1,-0.5029485386158568
1,0,1.1249600919935314,0,1,0.5189714017894245,0,1,0,0,0,0,2,0,0.25948570089471223
0,2,-0.10463740114712752,0,0,-0.5028639729296732,0,-1,1,0,0,1,1,1,-0.5028639729296732
0,2,0.8559856403690123,0,0,-0.49237782784290063,0,-1,1,1,0,1,1,1,-0.49237782784290063
1,1,1.5860591519212783,0,0,-0.43700743807979686,0,-1,1,0,1,0,1,1,-0.43700743807979686
0,0,-0.10463740114712752,0,0,3.817033162951754,0,2,0,0,1,1,1,1,3.817033162951754
0,2,0.7407108753870755,0,0,-0.4888542575852486,0,-1,1,0,1,1,1,1,-0.4888542575852486
0,1,-0.48888661775358344,2,1,-0.41687275089321363,0,-1,1,0,1,1,4,0,-0.10421818772330341
1,1,-2.1027333275006983,1,1,-0.12491978668775715,0,-1,1,0,1,0,3,0,-0.04163992889591905
0,2,-0.10463740114712752,0,0,-0.5028639729296732,0,-1,1,0,0,1,1,1,-0.5028639729296732
0,2,-0.9499856776813305,1,1,-0.5028639729296732,0,-1,1,0,0,1,3,0,-0.16762132430989107
1,2,-0.10463740114712752,0,2,-0.19824427701513722,0,-1,1,0,0,0,3,0,-0.06608142567171241
0,2,0.04906228549545483,0,0,-0.47400492578514347,0,-1,1,0,1,0,1,1,-0.47400492578514347
1,1,-1.7184841108942424,0,2,-0.11988611489111134,0,-1,1,0,1,0,3,0,-0.039962038297037115
0,0,1.2018099353148226,0,0,-0.11384570873513637,0,1,0,0,1,1,1,1,-0.11384570873513637
1,0,0.04906228549545483,0,0,1.4944124302931971,0,-1,1,0,0,0,1,1,1.4944124302931971
0,2,-0.10463740114712752,0,0,-0.35646868933346404,0,-1,1,0,1,1,1,1,-0.35646868933346404
1,0,-0.5657364610748746,0,2,0.3482453621969482,0,1,0,0,0,0,3,0,0.11608178739898273
1,0,0.5101613454232019,0,2,0.7811411367084872,0,1,0,0,1,0,3,0,0.26038037890282906
0,2,-1.56478442425166,4,2,-0.01870931177853076,0,-1,1,0,1,0,7,0,-0.0026727588255043943
0,2,-1.4110847376090776,4,2,-0.01870931177853076,0,-1,1,0,1,0,7,0,-0.0026727588255043943
1,1,0.20276197213803718,1,0,-0.12491978668775715,0,-1,1,0,1,1,2,0,-0.062459893343878574
0,0,1.5860591519212783,1,0,1.4944124302931971,0,2,0,0,0,1,2,0,0.7472062151465986
0,0,2.661956958419355,0,0,-0.12491978668775715,0,-1,1,0,1,1,1,1,-0.12491978668775715
1,1,-0.7962859910387481,1,0,-0.12491978668775715,0,-1,1,0,1,0,2,0,-0.062459893343878574
1,1,-0.10463740114712752,0,0,-0.3693045524149108,0,-1,1,0,0,1,1,1,-0.3693045524149108
0,2,0.27961181545932834,1,1,-0.2351571990343002,0,-1,1,0,1,1,3,0,-0.07838573301143341
1,1,-1.6416342675729512,1,1,0.09152810056801232,0,-1,1,0,1,1,3,0,0.030509366856004107
1,0,-0.9499856776813305,0,2,1.5841789061771412,0,2,0,0,0,1,3,0,0.5280596353923804
0,1,-0.1814872444684187,0,0,-0.12491978668775715,0,-1,1,0,1,1,1,1,-0.12491978668775715
0,2,-0.10463740114712752,0,0,-0.49078316061772326,0,-1,1,1,0,1,1,1,-0.49078316061772326
1,2,-0.5657364610748746,0,0,-0.5029485386158568,0,-1,1,0,0,1,1,1,-0.5029485386158568
1,2,-0.5657364610748746,0,0,-0.4918744606632361,0,-1,1,0,1,0,1,1,-0.4918744606632361
0,0,2.5082572717767726,0,0,-0.11384570873513637,0,-1,1,0,1,1,1,1,-0.11384570873513637
1,0,1.432359465278696,1,0,0.1489119590497745,0,0,0,0,0,0,2,0,0.07445597952488725
0,0,-0.10463740114712752,0,0,3.9327230485884233,0,-1,1,0,0,1,1,1,3.9327230485884233
1,0,0.7407108753870755,1,1,0.955306180872432,0,4,0,0,1,0,3,0,0.318435393624144
1,2,0.5101613454232019,1,0,-0.29807809649237277,0,-1,1,0,1,0,2,0,-0.14903904824618638
0,2,-0.10463740114712752,0,0,-0.49237782784290063,0,-1,1,1,0,1,1,1,-0.49237782784290063
0,2,0.8175607187083667,0,0,-0.4894421904510968,0,-1,1,0,1,1,1,1,-0.4894421904510968
0,1,-0.10463740114712752,0,0,-0.3766033765200472,0,-1,1,0,1,1,1,1,-0.3766033765200472
0,2,-0.10463740114712752,0,0,-0.4863374216869257,0,-1,1,0,1,1,1,1,-0.4863374216869257
0,2,-0.10463740114712752,0,0,-0.4863374216869257,0,-1,1,0,1,0,1,1,-0.4863374216869257
0,2,-0.41203677443229225,2,0,-0.1621689579829361,0,-1,1,0,1,1,3,0,-0.05405631932764537
0,2,-0.7962859910387481,0,0,-0.4894421904510968,0,-1,1,0,1,1,1,1,-0.4894421904510968
0,2,-0.027787557825836348,0,4,-0.22408312108167944,0,-1,1,0,1,0,5,0,-0.044816624216335886
0,2,-0.10463740114712752,0,0,-0.5028639729296732,0,-1,1,0,0,1,1,1,-0.5028639729296732
1,2,0.20276197213803718,0,0,-0.4902797934380587,0,-1,1,0,1,1,1,1,-0.4902797934380587
1,1,2.5082572717767726,0,0,-0.43700743807979686,0,-1,1,0,1,1,1,1,-0.43700743807979686
1,0,1.816608681885152,2,0,0.38809593507663365,0,2,0,0,1,0,3,0,0.12936531169221122
1,0,0.5101613454232019,0,0,-0.11711759540295616,0,4,0,0,1,1,1,1,-0.11711759540295616
1,2,-0.10463740114712752,0,0,-0.49237782784290063,0,-1,1,1,0,0,1,1,-0.49237782784290063
0,2,-1.0268355210026217,0,0,-0.4863374216869257,0,-1,1,0,1,1,1,1,-0.4863374216869257
0,2,-0.7962859910387481,0,0,-0.35646868933346404,0,-1,1,0,1,1,1,1,-0.35646868933346404
1,1,0.35646165878061953,0,0,-0.3866707201133388,0,-1,1,0,1,0,1,1,-0.3866707201133388
1,0,0.7407108753870755,1,0,0.4771073601910807,0,4,0,0,1,0,2,0,0.23855368009554034
0,2,-0.10463740114712752,1,0,-0.3573083057891445,0,-1,1,0,0,0,2,0,-0.17865415289457226
1,2,0.20276197213803718,0,0,-0.4888542575852486,0,-1,1,0,1,1,1,1,-0.4888542575852486
1,1,-0.33518693111100106,1,1,-0.04438103794142432,0,-1,1,0,1,0,3,0,-0.014793679313808107
1,0,0.7407108753870755,1,1,1.5841789061771412,0,2,0,0,0,0,3,0,0.5280596353923804
0,1,1.893458525206443,0,0,-0.12491978668775715,0,-1,1,0,1,1,1,1,-0.12491978668775715
0,0,0.5101613454232019,0,0,0.15948266982273065,0,0,0,0,0,1,1,1,0.15948266982273065
0,2,-0.10463740114712752,0,0,-0.47299819142581434,0,-1,1,0,0,1,1,1,-0.47299819142581434
1,0,-0.8731358343600393,0,2,0.955306180872432,0,4,0,0,1,0,3,0,0.318435393624144
0,1,1.3555096219574048,0,0,-0.3464013457401724,0,-1,1,0,1,1,1,1,-0.3464013457401724
1,0,2.3545575851341902,1,1,0.9462455716384695,0,1,0,0,0,1,3,0,0.31541519054615647
0,2,-0.5657364610748746,0,0,-0.4863374216869257,0,-1,1,0,1,1,1,1,-0.4863374216869257
0,2,-0.10463740114712752,0,0,-0.4863374216869257,0,-1,1,0,1,1,1,1,-0.4863374216869257
0,2,0.4333115021019107,0,0,-0.5049620073345151,0,-1,1,0,1,1,1,1,-0.5049620073345151
1,0,1.7397588385638607,1,0,0.9274538680872313,0,3,0,0,0,0,2,0,0.46372693404361565
0,2,1.3555096219574048,0,0,-0.5024451714361923,0,-1,1,0,1,1,1,1,-0.5024451714361923
0,2,-0.10463740114712752,0,2,-0.49237782784290063,0,-1,1,1,0,0,3,0,-0.16412594261430022
0,1,0.5870111887444931,1,0,-0.12491978668775715,0,-1,1,0,1,1,2,0,-0.062459893343878574
0,2,0.5101613454232019,1,1,-0.1621689579829361,0,-1,1,0,1,1,3,0,-0.05405631932764537
1,1,-0.10463740114712752,0,0,0.016023023618325298,0,-1,1,0,1,0,1,1,0.016023023618325298
0,2,1.5092093085999871,0,0,-0.6484216535389205,0,-1,1,0,1,1,1,1,-0.6484216535389205
0,2,-0.10463740114712752,0,0,-0.5029485386158568,0,-1,1,0,0,1,1,1,-0.5029485386158568
1,0,1.5092093085999871,1,0,0.49782998024351216,0,0,0,0,0,1,2,0,0.24891499012175608
1,1,-0.41203677443229225,2,1,-0.10478509950117394,0,-1,1,0,1,0,4,0,-0.026196274875293486
0,2,-0.10463740114712752,0,0,-0.4894421904510968,0,-1,1,0,1,1,1,1,-0.4894421904510968
0,0,-0.10463740114712752,0,0,0.2052890831722074,0,-1,1,0,1,1,1,1,0.2052890831722074
0,2,1.1249600919935314,0,0,-0.4863374216869257,0,-1,1,0,1,1,1,1,-0.4863374216869257
1,0,0.4333115021019107,0,0,-0.11384570873513637,0,-1,1,0,0,1,1,1,-0.11384570873513637
0,2,0.5101613454232019,1,0,-0.3353272677875516,0,-1,1,0,1,1,2,0,-0.1676636338937758
0,2,0.04906228549545483,0,0,-0.4894421904510968,0,-1,1,0,1,1,1,1,-0.4894421904510968
1,0,-0.1814872444684187,0,0,-0.034313694348132716,0,-1,1,0,1,1,1,1,-0.034313694348132716
1,1,-0.5657364610748746,1,2,0.18876253192945994,0,-1,1,0,0,0,4,0,0.047190632982364984
1,0,0.8175607187083667,0,0,2.441497778832105,0,2,0,0,1,0,1,1,2.441497778832105
0,2,0.7407108753870755,1,5,-0.01870931177853076,0,-1,1,0,1,0,7,0,-0.0026727588255043943
0,2,-0.10463740114712752,0,0,-0.5064721088735089,0,-1,1,0,1,1,1,1,-0.5064721088735089
1,2,-0.10463740114712752,1,0,-0.3363340021468808,0,-1,1,1,0,0,2,0,-0.1681670010734404
0,2,-0.10463740114712752,0,0,-0.49237782784290063,0,-1,1,1,0,1,1,1,-0.49237782784290063
0,2,0.4333115021019107,0,0,-0.4863374216869257,0,-1,1,0,1,1,1,1,-0.4863374216869257
1,1,-0.41203677443229225,1,2,0.6603330135889879,0,-1,1,0,1,0,4,0,0.16508325339724697
0,2,0.35646165878061953,1,1,-0.35848215805212236,0,-1,1,0,1,1,3,0,-0.11949405268404079
0,2,-0.2583370877897099,1,0,-0.32425318983493084,0,-1,1,0,1,0,2,0,-0.16212659491746542
1,1,-1.949033640858116,2,1,0.13683114673782454,0,5,0,0,1,0,4,0,0.034207786684456135
0,1,-0.2583370877897099,0,0,-0.43700743807979686,0,-1,1,0,1,1,1,1,-0.43700743807979686
0,2,-0.1814872444684187,1,0,-0.3573908580066095,0,-1,1,0,0,1,2,0,-0.17869542900330476
1,0,0.9712604053509489,1,0,0.40974072380221066,0,3,0,0,1,1,2,0,0.20487036190110533
1,2,-0.719436147717457,1,1,-0.33146744825388363,0,-1,1,0,0,1,3,0,-0.11048914941796122
0,2,-0.6425863043961658,0,0,-0.4902797934380587,0,-1,1,0,1,1,1,1,-0.4902797934380587
0,2,-0.6425863043961658,0,0,-0.32425318983493084,0,-1,1,0,1,1,1,1,-0.32425318983493084
0,0,2.4314074284554814,0,0,0.002347544081197954,0,3,0,0,1,1,1,1,0.002347544081197954
0,1,2.1240080551703167,0,0,-0.3997582667846179,0,-1,1,1,0,1,1,1,-0.3997582667846179
1,0,-0.6425863043961658,0,0,0.921244330558889,0,3,0,0,1,0,1,1,0.921244330558889
0,2,-0.2583370877897099,0,0,-0.4894421904510968,0,-1,1,0,1,1,1,1,-0.4894421904510968
0,2,-0.10463740114712752,0,0,-0.49271407711891657,0,-1,1,1,0,1,1,1,-0.49271407711891657
1,0,3.8915544515600136,0,0,-0.04438103794142432,0,0,0,0,1,1,1,1,-0.04438103794142432
0,2,1.6629089952425695,0,0,-0.5063875431873253,0,-1,1,0,1,1,1,1,-0.5063875431873253
1,0,0.20276197213803718,0,0,-0.034313694348132716,0,1,0,0,0,1,1,1,-0.034313694348132716
0,0,-0.10463740114712752,0,0,-0.6484216535389205,0,-1,1,0,1,1,1,1,-0.6484216535389205
0,2,-1.56478442425166,3,2,-0.08666388103324908,0,-1,1,0,1,0,6,0,-0.01444398017220818
1,1,-0.10463740114712752,0,0,-0.3866707201133388,0,-1,1,0,1,0,1,1,-0.3866707201133388
0,2,0.20276197213803718,0,0,-0.4888542575852486,0,-1,1,0,1,1,1,1,-0.4888542575852486
0,1,0.12591212881674602,1,1,-0.11988611489111134,0,-1,1,0,1,1,3,0,-0.039962038297037115
0,2,0.8944105620296577,0,5,0.1506737441786005,0,-1,1,0,1,0,6,0,0.025112290696433417
0,2,-0.10463740114712752,1,0,-0.32425318983493084,0,-1,1,0,1,1,2,0,-0.16212659491746542
0,2,-0.719436147717457,0,0,-0.4902797934380587,0,-1,1,0,1,1,1,1,-0.4902797934380587
1,0,-0.41203677443229225,0,0,0.7469121684912956,0,1,0,0,0,0,1,1,0.7469121684912956
0,2,-2.1027333275006983,3,2,-0.08666388103324908,0,-1,1,0,1,0,6,0,-0.01444398017220818
1,2,-0.10463740114712752,0,0,0.48910360681684706,0,-1,1,0,1,1,1,1,0.48910360681684706
1,2,-2.1987956316523123,2,1,-0.26066180729354516,0,-1,1,0,0,0,4,0,-0.06516545182338629
1,0,1.432359465278696,1,0,0.8964967865378598,0,3,0,0,0,1,2,0,0.4482483932689299
0,2,-0.7962859910387481,0,0,-0.4894421904510968,0,-1,1,0,1,1,1,1,-0.4894421904510968
1,0,2.0471582118490255,0,0,0.06635974158478332,0,0,0,0,0,1,1,1,0.06635974158478332
0,2,-0.10463740114712752,0,0,-0.49640476528021726,0,-1,1,0,1,1,1,1,-0.49640476528021726
1,2,-0.48888661775358344,0,0,-0.49640476528021726,0,-1,1,0,1,0,1,1,-0.49640476528021726
0,2,-0.10463740114712752,0,0,-0.4894421904510968,0,-1,1,0,1,1,1,1,-0.4894421904510968
1,1,-0.8731358343600393,0,1,-0.18532384824750675,0,-1,1,0,1,0,2,0,-0.09266192412375338
0,2,-0.6425863043961658,0,0,-0.47861979608830835,0,-1,1,0,1,1,1,1,-0.47861979608830835
1,2,-0.10463740114712752,0,0,-0.49078316061772326,0,-1,1,1,0,0,1,1,-0.49078316061772326
0,2,-0.8731358343600393,0,0,-0.5125125150294839,0,-1,1,1,0,0,1,1,-0.5125125150294839
0,1,-0.41203677443229225,2,0,0.8314778546749452,0,-1,1,0,1,1,3,0,0.27715928489164837
0,2,-0.10463740114712752,0,0,-0.4894421904510968,0,-1,1,0,1,1,1,1,-0.4894421904510968
0,2,0.20276197213803718,1,1,-0.3363340021468808,0,-1,1,1,0,0,3,0,-0.11211133404896027
0,1,-0.48888661775358344,0,0,-0.3866707201133388,0,-1,1,0,1,1,1,1,-0.3866707201133388
0,0,2.200857898491608,0,2,1.6323350375212924,0,3,0,0,0,1,3,0,0.5441116791737641
1,0,1.5860591519212783,2,0,2.042579288947925,0,-1,1,0,1,1,3,0,0.6808597629826417
0,2,0.8175607187083667,0,0,-0.5029485386158568,0,-1,1,0,0,1,1,1,-0.5029485386158568
0,0,1.3555096219574048,0,0,-0.13322534515222276,0,4,0,0,1,1,1,1,-0.13322534515222276
0,2,0.5101613454232019,0,0,-0.4974960653257301,0,-1,1,0,1,1,1,1,-0.4974960653257301
1,2,-0.719436147717457,1,0,-0.4888542575852486,0,-1,1,0,1,1,2,0,-0.2444271287926243
0,1,0.20276197213803718,2,0,0.8314778546749452,0,-1,1,0,1,1,3,0,0.27715928489164837
0,1,-0.33518693111100106,0,0,-0.3866707201133388,0,-1,1,0,1,1,1,1,-0.3866707201133388
0,2,-0.10463740114712752,0,0,-0.4918744606632361,0,-1,1,0,1,1,1,1,-0.4918744606632361
0,2,1.0481102486722402,0,0,-0.4863374216869257,0,-1,1,0,1,1,1,1,-0.4863374216869257
1,0,-0.10463740114712752,1,0,0.39858208016340624,0,2,0,0,1,0,2,0,0.19929104008170312
1,1,0.8175607187083667,1,1,0.13683114673782454,0,-1,1,0,1,0,3,0,0.045610382245941515
0,0,0.12591212881674602,1,0,0.39858208016340624,0,1,0,0,1,1,2,0,0.19929104008170312
0,1,3.123056018347102,0,0,-0.43700743807979686,0,-1,1,0,1,1,1,1,-0.43700743807979686
1,1,0.12591212881674602,0,0,-0.3866707201133388,0,-1,1,0,1,1,1,1,-0.3866707201133388
0,1,-0.10463740114712752,0,0,-0.6484216535389205,0,-1,1,0,1,1,1,1,-0.6484216535389205
0,2,-0.8731358343600393,0,0,-0.4918744606632361,0,-1,1,0,1,1,1,1,-0.4918744606632361
0,2,-0.37361185277164666,0,0,-0.4863374216869257,0,-1,1,0,1,1,1,1,-0.4863374216869257
1,2,-0.8731358343600393,0,0,-0.45026210265472455,0,-1,1,0,1,0,1,1,-0.45026210265472455
0,2,1.0481102486722402,1,6,0.2958951755118318,0,-1,1,0,1,0,8,0,0.036986896938978976
1,0,0.5101613454232019,0,1,9.667166525013505,0,1,0,0,0,1,2,0,4.833583262506752
0,2,-0.10463740114712752,0,0,-0.48457563655809965,0,-1,1,1,0,0,1,1,-0.48457563655809965
1,0,-0.1814872444684187,0,0,0.8964967865378598,0,3,0,0,0,1,1,1,0.8964967865378598
0,2,-0.719436147717457,0,0,-0.4626791642426904,0,-1,1,0,1,1,1,1,-0.4626791642426904
0,2,-1.180535207645204,5,2,0.2958951755118318,0,-1,1,0,1,1,8,0,0.036986896938978976
0,1,2.3545575851341902,1,1,0.13683114673782454,0,-1,1,0,1,1,3,0,0.045610382245941515
0,1,-0.33518693111100106,1,2,0.18876253192945994,0,-1,1,0,0,1,4,0,0.047190632982364984
0,2,-1.180535207645204,4,1,0.1506737441786005,0,-1,1,0,1,1,6,0,0.025112290696433417
0,2,-0.7962859910387481,0,0,-0.44363577710162005,0,-1,1,0,1,1,1,1,-0.44363577710162005
0,2,-0.8731358343600393,0,0,-0.49145565916975514,0,-1,1,0,1,1,1,1,-0.49145565916975514
1,0,-1.1036853643239128,0,1,3.6067927997556075,0,1,0,0,1,0,2,0,1.8033963998778038
1,0,0.12591212881674602,1,0,0.49925551609632224,0,1,0,0,1,1,2,0,0.24962775804816112
1,2,-1.949033640858116,0,1,-0.37828059596268965,0,-1,1,0,0,0,2,0,-0.18914029798134482
1,2,-0.10463740114712752,0,0,0.48910360681684706,0,-1,1,0,1,1,1,1,0.48910360681684706
0,2,-0.33518693111100106,0,0,-0.5029485386158568,0,-1,1,0,0,1,1,1,-0.5029485386158568
0,0,2.3545575851341902,0,0,-0.11384570873513637,0,-1,1,0,1,1,1,1,-0.11384570873513637
0,1,1.7397588385638607,0,0,-0.3766033765200472,0,-1,1,0,1,1,1,1,-0.3766033765200472
0,2,1.1249600919935314,0,0,-0.4863374216869257,0,-1,1,0,1,1,1,1,-0.4863374216869257
1,2,-0.10463740114712752,0,0,-0.49271407711891657,0,-1,1,1,0,0,1,1,-0.49271407711891657
0,0,1.5092093085999871,1,1,1.5841789061771412,0,2,0,0,0,1,3,0,0.5280596353923804
0,2,0.9712604053509489,0,0,-0.494391296561559,0,5,0,0,1,1,1,1,-0.494391296561559
1,0,-0.8731358343600393,1,0,3.9327230485884233,0,2,0,0,0,0,2,0,1.9663615242942116
1,0,0.4333115021019107,0,0,-0.11913106412161445,0,4,0,0,1,1,1,1,-0.11913106412161445
0,2,-0.8731358343600393,0,1,-0.3573908580066095,0,-1,1,0,0,0,2,0,-0.17869542900330476
0,2,-0.33518693111100106,0,0,-0.4925449457465493,0,-1,1,1,0,1,1,1,-0.4925449457465493
0,2,-0.2583370877897099,1,0,-0.4902797934380587,0,-1,1,0,1,1,2,0,-0.24513989671902936
0,1,0.7407108753870755,0,0,-0.12491978668775715,0,-1,1,0,1,1,1,1,-0.12491978668775715
1,1,1.2018099353148226,0,0,-0.3766033765200472,0,-1,1,0,1,0,1,1,-0.3766033765200472
1,0,0.9712604053509489,0,0,-0.11913106412161445,0,4,0,0,1,1,1,1,-0.11913106412161445
1,0,-0.5657364610748746,0,0,2.4029901895877646,0,-1,1,0,1,0,1,1,2.4029901895877646
1,2,-0.10463740114712752,1,1,-0.3414522396297103,0,-1,1,0,0,1,3,0,-0.11381741320990342
1,0,-0.41203677443229225,0,0,0.3483299278831318,0,2,0,0,0,0,1,1,0.3483299278831318
0,0,-0.10463740114712752,0,0,-0.11384570873513637,0,2,0,0,1,1,1,1,-0.11384570873513637
1,0,1.432359465278696,1,0,0.39858208016340624,0,2,0,0,1,1,2,0,0.19929104008170312
0,2,-0.027787557825836348,0,0,-0.457478374542396,0,-1,1,0,1,1,1,1,-0.457478374542396
0,1,1.7397588385638607,0,0,-0.3866707201133388,0,-1,1,0,1,1,1,1,-0.3866707201133388
0,2,-0.7962859910387481,0,0,-0.494391296561559,0,5,0,0,1,1,1,1,-0.494391296561559
1,0,0.6638610320657843,0,0,3.9327230485884233,0,2,0,0,0,0,1,1,3.9327230485884233
1,1,-0.1814872444684187,0,0,-0.43700743807979686,0,4,0,0,1,0,1,1,-0.43700743807979686
0,2,-0.10463740114712752,0,0,-0.3363340021468808,0,-1,1,1,0,1,1,1,-0.3363340021468808
0,2,0.27961181545932834,0,0,-0.4918744606632361,0,-1,1,0,1,1,1,1,-0.4918744606632361
1,1,-1.7953339542155335,0,1,0.016023023618325298,0,-1,1,0,1,0,2,0,0.008011511809162649
0,2,-0.9499856776813305,1,0,-0.5063875431873253,0,-1,1,0,1,1,2,0,-0.25319377159366263
0,1,0.35646165878061953,0,0,-0.3866707201133388,0,-1,1,0,1,1,1,1,-0.3866707201133388
0,1,1.5860591519212783,0,0,-0.3866707201133388,0,-1,1,0,1,1,1,1,-0.3866707201133388
1,0,-0.1814872444684187,1,0,0.4207302360686478,0,4,0,0,1,1,2,0,0.2103651180343239
0,2,-0.719436147717457,0,0,-0.47400492578514347,0,-1,1,0,1,1,1,1,-0.47400492578514347
1,1,0.04906228549545483,3,0,-0.22559322262067316,0,-1,1,0,1,0,4,0,-0.05639830565516829
1,2,-0.10463740114712752,0,0,-0.4926295114327329,0,-1,1,1,0,0,1,1,-0.4926295114327329
0,1,-0.33518693111100106,1,0,-0.12491978668775715,0,-1,1,0,1,1,2,0,-0.062459893343878574
0,2,-0.33518693111100106,1,0,-0.4888542575852486,0,-1,1,0,1,0,2,0,-0.2444271287926243
1,0,-0.027787557825836348,0,0,3.6067927997556075,0,1,0,0,1,0,1,1,3.6067927997556075
0,2,-1.4110847376090776,0,0,-0.2701412180209885,0,-1,1,0,0,1,1,1,-0.2701412180209885
0,1,-0.10463740114712752,0,0,-0.6484216535389205,0,-1,1,0,1,1,1,1,-0.6484216535389205
0,1,-0.48888661775358344,0,0,-0.3866707201133388,0,-1,1,0,1,1,1,1,-0.3866707201133388
0,1,-0.48888661775358344,0,0,-0.3866707201133388,0,-1,1,0,1,1,1,1,-0.3866707201133388
0,2,-0.06621247948648194,0,0,-0.32425318983493084,0,-1,1,0,1,1,1,1,-0.32425318983493084
0,2,1.432359465278696,1,3,0.04370821849987721,0,-1,1,0,1,0,5,0,0.008741643699975443
1,0,0.4333115021019107,0,0,9.667166525013505,0,1,0,0,0,1,1,1,9.667166525013505
0,2,-0.10463740114712752,0,0,-0.4894421904510968,0,-1,1,0,1,1,1,1,-0.4894421904510968
0,2,-0.10463740114712752,0,0,-0.4894421904510968,0,-1,1,0,1,1,1,1,-0.4894421904510968
1,0,-0.10463740114712752,0,0,-0.04438103794142432,0,3,0,0,1,1,1,1,-0.04438103794142432
0,0,0.5101613454232019,1,0,0.9391984311231651,0,2,0,0,1,1,2,0,0.4695992155615826
1,0,-0.6425863043961658,2,2,4.634416897040849,0,1,0,0,0,0,5,0,0.9268833794081697
0,2,-0.41203677443229225,1,0,-0.32425318983493084,0,-1,1,0,1,1,2,0,-0.16212659491746542
1,2,0.12591212881674602,0,0,-0.4888542575852486,0,-1,1,0,1,1,1,1,-0.4888542575852486
0,0,3.123056018347102,1,1,0.7811411367084872,0,1,0,0,1,1,3,0,0.26038037890282906
0,2,-1.0268355210026217,1,1,-0.24069423801061057,0,-1,1,0,1,1,3,0,-0.08023141267020352
1,1,0.04906228549545483,0,0,-0.3866707201133388,0,-1,1,0,1,0,1,1,-0.3866707201133388
0,0,-0.7962859910387481,1,0,0.4207302360686478,0,3,0,0,1,1,2,0,0.2103651180343239
0,2,0.12591212881674602,0,0,-0.49237782784290063,0,-1,1,1,0,1,1,1,-0.49237782784290063
1,1,-1.949033640858116,1,1,-0.18532384824750675,0,-1,1,0,1,0,3,0,-0.06177461608250225
1,2,-1.7953339542155335,0,1,-0.397241430886295,0,4,0,0,1,1,2,0,-0.1986207154431475
0,2,0.27961181545932834,0,0,-0.45714212526638004,0,-1,1,0,1,1,1,1,-0.45714212526638004
0,2,-0.48888661775358344,0,0,-0.4894421904510968,0,-1,1,0,1,1,1,1,-0.4894421904510968
1,1,1.432359465278696,1,2,0.6603330135889879,0,-1,1,0,1,0,4,0,0.16508325339724697
1,1,-2.204943619118015,1,1,-0.35646868933346404,0,-1,1,0,1,1,3,0,-0.11882289644448801
0,2,-0.10463740114712752,0,0,-0.49145565916975514,0,-1,1,0,1,1,1,1,-0.49145565916975514
0,1,-0.8731358343600393,0,0,-0.41687275089321363,0,-1,1,0,1,1,1,1,-0.41687275089321363
0,2,0.35646165878061953,0,0,-0.4863374216869257,0,-1,1,0,1,1,1,1,-0.4863374216869257
1,0,0.27961181545932834,0,0,1.093228788100527,0,1,0,0,1,0,1,1,1.093228788100527
0,2,-0.10463740114712752,0,0,-0.35646868933346404,0,-1,1,0,1,1,1,1,-0.35646868933346404
0,2,0.8944105620296577,0,0,-0.5049620073345151,0,-1,1,0,1,1,1,1,-0.5049620073345151
1,2,-0.719436147717457,0,0,-0.5028639729296732,0,-1,1,0,0,1,1,1,-0.5028639729296732
1,0,0.5101613454232019,1,2,1.7677408088510642,0,1,0,0,1,0,4,0,0.44193520221276605
0,2,-1.0268355210026217,0,0,-0.4918744606632361,0,-1,1,0,1,1,1,1,-0.4918744606632361
1,0,1.6629089952425695,1,0,0.921244330558889,0,3,0,0,1,0,2,0,0.4606221652794445
0,0,-0.10463740114712752,0,0,0.1489119590497745,0,-1,1,0,0,1,1,1,0.1489119590497745
0,2,0.08748720715610042,0,0,-0.49237782784290063,0,-1,1,1,0,0,1,1,-0.49237782784290063
0,2,-0.10463740114712752,1,0,-0.1621689579829361,0,-1,1,1,0,1,2,0,-0.08108447899146805
0,2,0.20276197213803718,0,0,-0.4800453319411184,0,-1,1,0,1,1,1,1,-0.4800453319411184
0,2,-0.41203677443229225,0,0,-0.45714212526638004,0,-1,1,0,1,1,1,1,-0.45714212526638004
0,2,1.432359465278696,0,0,-0.4902797934380587,0,-1,1,0,1,1,1,1,-0.4902797934380587
0,1,2.1240080551703167,0,0,-0.43700743807979686,0,4,0,0,1,0,1,1,-0.43700743807979686
0,2,-0.10463740114712752,0,0,-0.5029485386158568,0,-1,1,0,0,1,1,1,-0.5029485386158568
1,1,1.893458525206443,1,3,-0.18532384824750675,0,-1,1,0,1,0,5,0,-0.03706476964950135
0,2,-0.8731358343600393,0,0,-0.49237782784290063,0,-1,1,0,1,1,1,1,-0.49237782784290063
0,2,-0.10463740114712752,0,0,-0.49237782784290063,0,5,0,1,0,1,1,1,-0.49237782784290063
1,2,-1.8721837975368247,0,0,-0.397241430886295,0,-1,1,0,1,0,1,1,-0.397241430886295
0,2,-0.10463740114712752,0,0,-0.4926295114327329,0,-1,1,1,0,1,1,1,-0.4926295114327329
1,0,1.0481102486722402,0,1,3.6067927997556075,0,1,0,0,1,0,2,0,1.8033963998778038
1,2,-1.2573850509664952,0,0,-0.5028639729296732,0,-1,1,0,0,0,1,1,-0.5028639729296732
1,0,-0.9499856776813305,1,0,0.49925551609632224,0,1,0,0,1,0,2,0,0.24962775804816112
0,0,-0.027787557825836348,0,0,-0.04438103794142432,0,3,0,0,1,1,1,1,-0.04438103794142432
0,2,-0.10463740114712752,1,2,-0.17626323901354432,0,-1,1,0,1,1,4,0,-0.04406580975338608
0,2,-0.33518693111100106,0,0,-0.5064721088735089,0,-1,1,0,1,1,1,1,-0.5064721088735089
0,2,-0.33518693111100106,0,0,-0.5024451714361923,0,-1,1,0,1,1,1,1,-0.5024451714361923
1,2,-0.8731358343600393,0,0,-0.4974960653257301,0,-1,1,0,1,0,1,1,-0.4974960653257301
0,2,-1.6416342675729512,4,1,-0.06199888922968463,0,-1,1,1,0,1,6,0,-0.010333148204947438
1,2,-2.1795831708219895,1,2,-0.23415046467497105,0,-1,1,0,1,1,4,0,-0.05853761616874276
0,0,1.2786597786361138,0,0,0.9462455716384695,0,1,0,0,0,1,1,1,0.9462455716384695
0,2,-0.10463740114712752,0,0,-0.49237782784290063,0,-1,1,1,0,1,1,1,-0.49237782784290063
0,1,-1.0268355210026217,0,0,-0.12491978668775715,0,-1,1,0,1,1,1,1,-0.12491978668775715
0,2,-0.10463740114712752,8,2,0.7519458402879414,0,-1,1,0,1,0,11,0,0.06835871275344922
0,0,-0.10463740114712752,0,0,-0.030371322596999754,0,-1,1,0,0,1,1,1,-0.030371322596999754
0,2,-0.33518693111100106,0,0,-0.4894421904510968,0,-1,1,0,1,1,1,1,-0.4894421904510968
0,1,0.7407108753870755,0,0,-0.3866707201133388,0,-1,1,0,1,1,1,1,-0.3866707201133388
1,0,1.5092093085999871,0,0,-0.1263453225405672,0,3,0,0,1,0,1,1,-0.1263453225405672
1,2,0.12591212881674602,0,0,-0.4735861242916626,0,-1,1,0,1,0,1,1,-0.4735861242916626
0,2,0.04906228549545483,0,0,-0.5028639729296732,0,-1,1,0,0,1,1,1,-0.5028639729296732
0,2,0.04906228549545483,1,1,-0.1621689579829361,0,-1,1,0,1,0,3,0,-0.05405631932764537
0,1,0.35646165878061953,0,0,-0.3866707201133388,0,-1,1,0,1,1,1,1,-0.3866707201133388
1,1,0.12591212881674602,1,1,-0.11988611489111134,0,-1,1,0,1,0,3,0,-0.039962038297037115
1,0,-1.4110847376090776,1,2,1.7677408088510642,0,1,0,0,1,1,4,0,0.44193520221276605
1,2,-2.224156079948338,0,1,-0.47694056317694733,0,-1,1,0,0,1,2,0,-0.23847028158847366
1,2,-0.1814872444684187,0,0,-0.5079822104125026,0,-1,1,0,1,1,1,1,-0.5079822104125026
0,2,0.12591212881674602,0,0,-0.4918744606632361,0,-1,1,0,1,1,1,1,-0.4918744606632361
0,0,0.7407108753870755,0,0,-0.6484216535389205,0,0,0,0,1,1,1,1,-0.6484216535389205
0,2,-0.8731358343600393,0,0,-0.4918744606632361,0,-1,1,0,1,0,1,1,-0.4918744606632361
0,1,0.7407108753870755,0,0,-0.3866707201133388,0,-1,1,0,1,1,1,1,-0.3866707201133388
1,0,0.27961181545932834,1,0,0.4207302360686478,0,4,0,0,1,0,2,0,0.2103651180343239
0,2,-0.2583370877897099,0,0,-0.4896093083547455,0,-1,1,0,1,1,1,1,-0.4896093083547455
0,2,0.7407108753870755,0,0,-0.1621689579829361,0,-1,1,0,1,1,1,1,-0.1621689579829361
0,1,0.4333115021019107,0,0,-0.43700743807979686,0,-1,1,0,1,1,1,1,-0.43700743807979686
0,2,-1.7953339542155335,4,2,-0.01870931177853076,0,-1,1,0,1,0,7,0,-0.0026727588255043943
0,2,0.08748720715610042,0,0,-0.4863374216869257,0,-1,1,0,1,1,1,1,-0.4863374216869257
0,0,-0.10463740114712752,0,0,-0.6484216535389205,0,1,0,0,1,1,1,1,-0.6484216535389205
0,2,-0.48888661775358344,0,0,-0.4888542575852486,0,-1,1,0,1,0,1,1,-0.4888542575852486
0,1,0.12591212881674602,1,1,0.09664633805084172,0,-1,1,0,0,1,3,0,0.03221544601694724
0,2,1.0481102486722402,0,0,-0.5185529211854588,0,-1,1,0,1,1,1,1,-0.5185529211854588
0,2,-1.4879345809303688,3,2,-0.08666388103324908,0,-1,1,0,1,1,6,0,-0.01444398017220818
1,0,1.7397588385638607,1,1,1.2341715984066093,0,1,0,0,1,0,3,0,0.4113905328022031
1,2,-0.1814872444684187,0,0,-0.47400492578514347,0,-1,1,0,1,1,1,1,-0.47400492578514347
0,0,0.6638610320657843,0,0,-0.6484216535389205,0,-1,1,0,1,1,1,1,-0.6484216535389205
1,2,-0.1814872444684187,0,1,-0.397241430886295,0,4,0,0,1,0,2,0,-0.1986207154431475
0,2,-2.1027333275006983,4,1,0.1506737441786005,0,-1,1,0,1,1,6,0,0.025112290696433417
0,2,-0.10463740114712752,0,0,-0.5084855775921673,0,-1,1,1,0,1,1,1,-0.5084855775921673
0,2,-0.10463740114712752,0,0,0.48910360681684706,0,-1,1,0,1,1,1,1,0.48910360681684706
1,1,-2.1795831708219895,0,2,0.09664633805084172,0,-1,1,0,0,1,3,0,0.03221544601694724
1,2,-0.10463740114712752,0,0,-0.49237782784290063,0,-1,1,1,0,1,1,1,-0.49237782784290063
1,0,2.5082572717767726,0,0,0.962353321387736,0,1,0,0,1,0,1,1,0.962353321387736
1,2,-1.1036853643239128,1,0,-0.3573908580066095,0,-1,1,0,0,0,2,0,-0.17869542900330476
1,1,-2.192647644186609,1,1,-0.2708962687904854,0,-1,1,0,1,1,3,0,-0.09029875626349514
0,2,-0.10463740114712752,0,0,-0.5028639729296732,0,-1,1,0,0,1,1,1,-0.5028639729296732
0,2,-0.48888661775358344,0,0,-0.4902797934380587,0,-1,1,0,1,1,1,1,-0.4902797934380587
0,2,-0.8731358343600393,0,0,-0.48130374989027985,0,-1,1,0,1,1,1,1,-0.48130374989027985
1,0,0.7407108753870755,1,1,1.0259447039291216,0,4,0,0,0,0,3,0,0.34198156797637386
0,2,-0.6425863043961658,0,0,-0.47400492578514347,0,-1,1,0,1,1,1,1,-0.47400492578514347
0,2,-0.10463740114712752,0,0,-0.4863374216869257,0,-1,1,0,1,1,1,1,-0.4863374216869257
1,2,0.20276197213803718,0,0,0.48910360681684706,0,-1,1,0,1,1,1,1,0.48910360681684706
1,0,-0.10463740114712752,0,0,-0.05042144409739929,0,2,0,0,0,1,1,1,-0.05042144409739929
0,2,-0.719436147717457,0,0,-0.4888542575852486,0,-1,1,0,1,1,1,1,-0.4888542575852486
0,1,-1.0268355210026217,0,0,-0.43700743807979686,0,-1,1,0,1,1,1,1,-0.43700743807979686
1,0,0.04906228549545483,0,0,-0.024246350754841113,0,-1,1,0,0,0,1,1,-0.024246350754841113
0,2,0.3948865804412651,0,0,-0.5188046047752911,0,-1,1,0,0,1,1,1,-0.5188046047752911
0,2,-0.9499856776813305,0,0,-0.47400492578514347,0,-1,1,0,1,1,1,1,-0.47400492578514347
0,2,0.9712604053509489,0,0,-0.49640476528021726,0,-1,1,0,1,1,1,1,-0.49640476528021726
0,2,-0.10463740114712752,8,2,0.7519458402879414,0,-1,1,0,1,1,11,0,0.06835871275344922
0,2,0.4333115021019107,0,0,-0.4894421904510968,0,-1,1,0,0,1,1,1,-0.4894421904510968
0,1,-0.10463740114712752,0,1,0.016023023618325298,0,-1,1,0,1,1,2,0,0.008011511809162649
1,0,-0.10463740114712752,1,0,1.145663540471827,0,2,0,0,0,0,2,0,0.5728317702359135
0,2,-1.949033640858116,4,2,-0.01870931177853076,0,-1,1,0,1,1,7,0,-0.0026727588255043943
0,2,3.430455391632267,0,0,-0.4918744606632361,0,-1,1,0,1,1,1,1,-0.4918744606632361
0,2,-1.56478442425166,1,1,-0.3414522396297103,0,-1,1,0,0,0,3,0,-0.11381741320990342
1,0,-1.0268355210026217,0,1,0.14488502161245778,0,3,0,0,1,0,2,0,0.07244251080622889
0,1,1.1249600919935314,1,0,-0.12491978668775715,0,-1,1,0,1,0,2,0,-0.062459893343878574
1,2,-0.8731358343600393,0,1,-0.4601623283443675,0,-1,1,0,1,0,2,0,-0.23008116417218374
1,0,1.2018099353148226,1,1,2.671117778445337,0,-1,1,0,1,0,3,0,0.8903725928151123
1,0,1.6629089952425695,0,0,-0.11384570873513637,0,4,0,0,1,1,1,1,-0.11384570873513637
1,2,-0.41203677443229225,0,3,-0.26066180729354516,0,-1,1,0,0,0,4,0,-0.06516545182338629
0,2,-0.10463740114712752,0,0,-0.5028639729296732,0,-1,1,0,0,1,1,1,-0.5028639729296732
0,2,0.8944105620296577,2,0,-0.36435544630444866,0,-1,1,0,1,1,3,0,-0.12145181543481622
0,1,-0.6425863043961658,1,0,-0.41687275089321363,0,-1,1,0,1,1,2,0,-0.20843637544660681
1,0,1.432359465278696,0,0,-0.1263453225405672,0,3,0,0,1,0,1,1,-0.1263453225405672
0,2,-0.10463740114712752,8,2,0.7519458402879414,0,-1,1,0,1,0,11,0,0.06835871275344922
0,1,-0.41203677443229225,0,0,-0.3866707201133388,0,-1,1,0,1,1,1,1,-0.3866707201133388
1,1,0.9712604053509489,0,0,-0.3866707201133388,0,-1,1,0,1,0,1,1,-0.3866707201133388
1,1,-0.1814872444684187,1,0,-0.3693891181010945,0,-1,1,0,0,0,2,0,-0.18469455905054724
0,0,0.12591212881674602,0,0,0.3682954836973478,0,0,0,0,1,1,1,1,0.3682954836973478
0,2,-0.10463740114712752,0,0,-0.45714212526638004,0,-1,1,0,1,1,1,1,-0.45714212526638004
1,2,-1.949033640858116,1,1,-0.4242561406845337,0,-1,1,0,1,1,3,0,-0.14141871356151123
0,2,-0.2583370877897099,0,0,-0.4894421904510968,0,-1,1,0,1,1,1,1,-0.4894421904510968
1,0,1.3555096219574048,1,1,0.40974072380221066,0,3,0,0,1,0,3,0,0.13658024126740356
0,0,0.27961181545932834,0,0,-0.5477482176060045,0,1,0,0,1,1,1,1,-0.5477482176060045
0,2,1.3555096219574048,0,0,-0.46720946885967163,0,-1,1,0,1,1,1,1,-0.46720946885967163
1,1,-0.10463740114712752,1,0,-0.16518916106092355,0,-1,1,0,0,0,2,0,-0.08259458053046177
1,2,-1.1036853643239128,0,0,-0.5029485386158568,0,-1,1,0,0,0,1,1,-0.5029485386158568
0,2,-0.719436147717457,0,0,-0.45017955043725955,0,-1,1,0,1,1,1,1,-0.45017955043725955
0,2,-0.7962859910387481,0,0,-0.4894421904510968,0,-1,1,0,1,1,1,1,-0.4894421904510968
0,2,-0.10463740114712752,0,0,-0.4894421904510968,0,-1,1,0,1,1,1,1,-0.4894421904510968
1,0,2.0471582118490255,0,1,1.0259447039291216,0,2,0,0,0,0,2,0,0.5129723519645608
1,1,-0.33518693111100106,0,1,-0.12491978668775715,0,-1,1,0,1,0,2,0,-0.062459893343878574
0,2,0.27961181545932834,0,0,-0.4894421904510968,0,-1,1,0,1,1,1,1,-0.4894421904510968
0,2,-0.5657364610748746,0,0,-0.4366711888037809,0,-1,1,0,1,0,1,1,-0.4366711888037809
0,1,-0.10463740114712752,0,0,-0.43700743807979686,0,-1,1,0,1,1,1,1,-0.43700743807979686
0,2,-0.33518693111100106,0,0,-0.5064721088735089,0,-1,1,0,1,1,1,1,-0.5064721088735089
0,2,0.7407108753870755,0,5,-0.06199888922968463,0,-1,1,1,0,0,6,0,-0.010333148204947438
0,1,-0.1814872444684187,0,0,-0.3866707201133388,0,-1,1,0,1,1,1,1,-0.3866707201133388
1,0,-0.7962859910387481,0,0,-0.04438103794142432,0,1,0,0,1,0,1,1,-0.04438103794142432
0,2,-0.10463740114712752,1,2,-0.17626323901354432,0,-1,1,0,1,0,4,0,-0.04406580975338608
1,0,-0.2583370877897099,0,0,-0.04438103794142432,0,2,0,0,0,1,1,1,-0.04438103794142432
0,2,0.20276197213803718,0,0,-0.49237782784290063,0,-1,1,1,0,1,1,1,-0.49237782784290063
